root;node;node_path;depth;parent;parent_path;node_line;edge_call_line;edge_raw_callee
src.__init__:__getattr__;src.__init__:__getattr__;src/__init__.py;0;;;16;;
src.iccFs.loadOptionalModule:loadOptionalModule;src.iccFs.loadOptionalModule:loadOptionalModule;src/iccFs/loadOptionalModule.py;0;;;7;;
src.iccFs.loadOptionalModule:loadOptionalModule;src.iccFs.mF.imageCompositeConverterCore:vendoredSitePackagesDirs;src/iccFs/mF/imageCompositeConverterCore.py;1;src.iccFs.loadOptionalModule:loadOptionalModule;src/iccFs/loadOptionalModule.py;155;18;vendoredSitePackagesDirs
src.iccFs.loadOptionalModule:loadOptionalModule;src.iccFs.mF.imageCompositeConverterCore:clearPartialModuleImport;src/iccFs/mF/imageCompositeConverterCore.py;1;src.iccFs.loadOptionalModule:loadOptionalModule;src/iccFs/loadOptionalModule.py;199;16;clearPartialModuleImport
src.iccFs.loadOptionalModule:loadOptionalModule;src.iccFs.mF.imageCompositeConverterCore:clearPartialModuleImport;src/iccFs/mF/imageCompositeConverterCore.py;1;src.iccFs.loadOptionalModule:loadOptionalModule;src/iccFs/loadOptionalModule.py;199;16;clearPartialModuleImport
src.iccFs.loadOptionalModule:loadOptionalModule;src.iccFs.mF.imageCompositeConverterCore:describeOptionalDependencyError;src/iccFs/mF/imageCompositeConverterCore.py;1;src.iccFs.loadOptionalModule:loadOptionalModule;src/iccFs/loadOptionalModule.py;205;35;describeOptionalDependencyError
src.iccFs.mF._formatUserDiagnostic:formatUserDiagnostic;src.iccFs.mF._formatUserDiagnostic:formatUserDiagnostic;src/iccFs/mF/_formatUserDiagnostic.py;0;;;1;;
src.iccFs.mF._formatUserDiagnostic:formatUserDiagnostic;src.iccFs.mF.imageCompositeConverterCore:SourceSpan.format;src/iccFs/mF/imageCompositeConverterCore.py;1;src.iccFs.mF._formatUserDiagnostic:formatUserDiagnostic;src/iccFs/mF/_formatUserDiagnostic.py;876;5;format
src.iccFs.mF._promptInteractiveRangeFiles._sharedPartialRangeTokenFiles._normalizeRangeToken:normalizeRangeToken;src.iccFs.mF._promptInteractiveRangeFiles._sharedPartialRangeTokenFiles._normalizeRangeToken:normalizeRangeToken;src/iccFs/mF/_promptInteractiveRangeFiles/_sharedPartialRangeTokenFiles/_normalizeRangeToken.py;0;;;1;;
src.iccFs.mF._promptInteractiveRangeFiles._sharedPartialRangeTokenFiles._normalizeRangeToken:normalizeRangeToken;src.iccFs.mF.convertRangeFiles._inRequestedRangeFiles.getBaseNameFromFile:getBaseNameFromFile;src/iccFs/mF/convertRangeFiles/_inRequestedRangeFiles/getBaseNameFromFile.py;1;src.iccFs.mF._promptInteractiveRangeFiles._sharedPartialRangeTokenFiles._normalizeRangeToken:normalizeRangeToken;src/iccFs/mF/_promptInteractiveRangeFiles/_sharedPartialRangeTokenFiles/_normalizeRangeToken.py;5;2;getBaseNameFromFile
src.iccFs.mF._resolveCliCsvAndOutputFiles._resolveDescriptionXmlPath:resolveDescriptionXmlPath;src.iccFs.mF._resolveCliCsvAndOutputFiles._resolveDescriptionXmlPath:resolveDescriptionXmlPath;src/iccFs/mF/_resolveCliCsvAndOutputFiles/_resolveDescriptionXmlPath.py;0;;;1;;
src.iccFs.mF.convertImage:convertImage;src.iccFs.mF.convertImage:convertImage;src/iccFs/mF/convertImage.py;0;;;1;;
src.iccFs.mF.convertImage:convertImage;src.iccFs.mF.convertRangeFiles._renderEmbeddedRasterSvg:renderEmbeddedRasterSvg;src/iccFs/mF/convertRangeFiles/_renderEmbeddedRasterSvg.py;1;src.iccFs.mF.convertImage:convertImage;src/iccFs/mF/convertImage.py;1;12;renderEmbeddedRasterSvg
src.iccFs.mF.convertImage:convertImage;src.iccFs.mF.convertRangeFiles._loadExistingConversionRowsFiles._sniffRasterSize:sniffRasterSize;src/iccFs/mF/convertRangeFiles/_loadExistingConversionRowsFiles/_sniffRasterSize.py;2;src.iccFs.mF.convertRangeFiles._renderEmbeddedRasterSvg:renderEmbeddedRasterSvg;src/iccFs/mF/convertRangeFiles/_renderEmbeddedRasterSvg.py;1;2;sniffRasterSize
src.iccFs.mF.convertImage:convertImage;src.iccFs.mF.convertRangeFiles._renderEmbeddedRasterSvgFiles._svgHrefMimeType:svgHrefMimeType;src/iccFs/mF/convertRangeFiles/_renderEmbeddedRasterSvgFiles/_svgHrefMimeType.py;2;src.iccFs.mF.convertRangeFiles._renderEmbeddedRasterSvg:renderEmbeddedRasterSvg;src/iccFs/mF/convertRangeFiles/_renderEmbeddedRasterSvg.py;1;5;svgHrefMimeType
src.iccFs.mF.convertImage:convertImage;src.iccFs.mF.imageCompositeConverterCore:detectRelevantRegions;src/iccFs/mF/imageCompositeConverterCore.py;1;src.iccFs.mF.convertImage:convertImage;src/iccFs/mF/convertImage.py;144;18;detectRelevantRegions
src.iccFs.mF.convertImage:convertImage;src.iccFs.mF.imageCompositeConverterRegions:detectRelevantRegionsImpl;src/iccFs/mF/imageCompositeConverterRegions.py;2;src.iccFs.mF.imageCompositeConverterCore:detectRelevantRegions;src/iccFs/mF/imageCompositeConverterCore.py;47;145;detectRelevantRegionsImpl
src.iccFs.mF.convertImage:convertImage;src.iccFs.mF.imageCompositeConverterRegions:expandBbox;src/iccFs/mF/imageCompositeConverterRegions.py;3;src.iccFs.mF.imageCompositeConverterRegions:detectRelevantRegionsImpl;src/iccFs/mF/imageCompositeConverterRegions.py;21;76;expandBbox
src.iccFs.mF.convertImage:convertImage;src.iccFs.mF.imageCompositeConverterRegions:expandBbox;src/iccFs/mF/imageCompositeConverterRegions.py;3;src.iccFs.mF.imageCompositeConverterRegions:detectRelevantRegionsImpl;src/iccFs/mF/imageCompositeConverterRegions.py;21;76;expandBbox
src.iccFs.mF.convertImage:convertImage;src.iccFs.mF.imageCompositeConverterRegions:expandBbox;src/iccFs/mF/imageCompositeConverterRegions.py;3;src.iccFs.mF.imageCompositeConverterRegions:detectRelevantRegionsImpl;src/iccFs/mF/imageCompositeConverterRegions.py;21;76;expandBbox
src.iccFs.mF.convertImage:convertImage;src.iccFs.mF.imageCompositeConverterRegions:bboxToDict;src/iccFs/mF/imageCompositeConverterRegions.py;3;src.iccFs.mF.imageCompositeConverterRegions:detectRelevantRegionsImpl;src/iccFs/mF/imageCompositeConverterRegions.py;31;77;bboxToDict
src.iccFs.mF.convertImage:convertImage;src.iccFs.mF.imageCompositeConverterRegions:bboxToDict;src/iccFs/mF/imageCompositeConverterRegions.py;3;src.iccFs.mF.imageCompositeConverterRegions:detectRelevantRegionsImpl;src/iccFs/mF/imageCompositeConverterRegions.py;31;77;bboxToDict
src.iccFs.mF.convertImage:convertImage;src.iccFs.mF.imageCompositeConverterRegions:bboxToDict;src/iccFs/mF/imageCompositeConverterRegions.py;3;src.iccFs.mF.imageCompositeConverterRegions:detectRelevantRegionsImpl;src/iccFs/mF/imageCompositeConverterRegions.py;31;77;bboxToDict
src.iccFs.mF.convertImage:convertImage;src.iccFs.mF.imageCompositeConverterCore:annotateImageRegions;src/iccFs/mF/imageCompositeConverterCore.py;1;src.iccFs.mF.convertImage:convertImage;src/iccFs/mF/convertImage.py;148;19;annotateImageRegions
src.iccFs.mF.convertImage:convertImage;src.iccFs.mF.imageCompositeConverterRegions:annotateImageRegionsImpl;src/iccFs/mF/imageCompositeConverterRegions.py;2;src.iccFs.mF.imageCompositeConverterCore:annotateImageRegions;src/iccFs/mF/imageCompositeConverterCore.py;114;149;annotateImageRegionsImpl
src.iccFs.mF.convertImageVariants:convertImageVariants;src.iccFs.mF.convertImageVariants:convertImageVariants;src/iccFs/mF/convertImageVariants.py;0;;;1;;
src.iccFs.mF.convertImageVariants:convertImageVariants;src.iccFs.convertRange:convertRange;src/iccFs/convertRange.py;1;src.iccFs.mF.convertImageVariants:convertImageVariants;src/iccFs/mF/convertImageVariants.py;6;3;convertRange
src.iccFs.mF.convertImageVariants:convertImageVariants;src.iccFs.syncCoreOverrides:syncCoreOverrides;src/iccFs/syncCoreOverrides.py;2;src.iccFs.convertRange:convertRange;src/iccFs/convertRange.py;4;9;syncCoreOverrides
src.iccFs.mF.convertRangeFiles._harmonizeSemanticSizeVariants:anchorRank;src.iccFs.mF.convertRangeFiles._harmonizeSemanticSizeVariants:anchorRank;src/iccFs/mF/convertRangeFiles/_harmonizeSemanticSizeVariants.py;0;;;59;;
src.iccFs.mF.convertRangeFiles._harmonizeSemanticSizeVariants:anchorRank;src.iccFs.mF.imageCompositeConverterCore:harmonizationAnchorPriority;src/iccFs/mF/imageCompositeConverterCore.py;1;src.iccFs.mF.convertRangeFiles._harmonizeSemanticSizeVariants:anchorRank;src/iccFs/mF/convertRangeFiles/_harmonizeSemanticSizeVariants.py;9807;64;harmonizationAnchorPriority
src.iccFs.mF.convertRangeFiles._inRequestedRangeFiles._extractRefParts:extractRefParts;src.iccFs.mF.convertRangeFiles._inRequestedRangeFiles._extractRefParts:extractRefParts;src/iccFs/mF/convertRangeFiles/_inRequestedRangeFiles/_extractRefParts.py;0;;;4;;
src.iccFs.mF.convertRangeFiles._inRequestedRangeFiles._matchesExactPrefixFilterFiles._normalizeRangeToken:normalizeRangeToken;src.iccFs.mF.convertRangeFiles._inRequestedRangeFiles._matchesExactPrefixFilterFiles._normalizeRangeToken:normalizeRangeToken;src/iccFs/mF/convertRangeFiles/_inRequestedRangeFiles/_matchesExactPrefixFilterFiles/_normalizeRangeToken.py;0;;;6;;
src.iccFs.mF.convertRangeFiles._inRequestedRangeFiles._matchesExactPrefixFilterFiles._normalizeRangeToken:normalizeRangeToken;src.iccFs.mF.convertRangeFiles._inRequestedRangeFiles.getBaseNameFromFile:getBaseNameFromFile;src/iccFs/mF/convertRangeFiles/_inRequestedRangeFiles/getBaseNameFromFile.py;1;src.iccFs.mF.convertRangeFiles._inRequestedRangeFiles._matchesExactPrefixFilterFiles._normalizeRangeToken:normalizeRangeToken;src/iccFs/mF/convertRangeFiles/_inRequestedRangeFiles/_matchesExactPrefixFilterFiles/_normalizeRangeToken.py;5;7;getBaseNameFromFile
src.iccFs.mF.convertRangeFiles._inRequestedRangeFiles._matchesPartialRangeTokenFiles._normalizeRangeToken:normalizeRangeToken;src.iccFs.mF.convertRangeFiles._inRequestedRangeFiles._matchesPartialRangeTokenFiles._normalizeRangeToken:normalizeRangeToken;src/iccFs/mF/convertRangeFiles/_inRequestedRangeFiles/_matchesPartialRangeTokenFiles/_normalizeRangeToken.py;0;;;6;;
src.iccFs.mF.convertRangeFiles._inRequestedRangeFiles._matchesPartialRangeTokenFiles._normalizeRangeToken:normalizeRangeToken;src.iccFs.mF.convertRangeFiles._inRequestedRangeFiles.getBaseNameFromFile:getBaseNameFromFile;src/iccFs/mF/convertRangeFiles/_inRequestedRangeFiles/getBaseNameFromFile.py;1;src.iccFs.mF.convertRangeFiles._inRequestedRangeFiles._matchesPartialRangeTokenFiles._normalizeRangeToken:normalizeRangeToken;src/iccFs/mF/convertRangeFiles/_inRequestedRangeFiles/_matchesPartialRangeTokenFiles/_normalizeRangeToken.py;5;7;getBaseNameFromFile
src.iccFs.mF.convertRangeFiles._inRequestedRangeFiles._matchesPartialRangeTokenFiles._sharedPartialRangeToken:sharedPartialRangeToken;src.iccFs.mF.convertRangeFiles._inRequestedRangeFiles._matchesPartialRangeTokenFiles._sharedPartialRangeToken:sharedPartialRangeToken;src/iccFs/mF/convertRangeFiles/_inRequestedRangeFiles/_matchesPartialRangeTokenFiles/_sharedPartialRangeToken.py;0;;;5;;
src.iccFs.mF.convertRangeFiles._inRequestedRangeFiles._matchesPartialRangeTokenFiles._sharedPartialRangeToken:sharedPartialRangeToken;src.iccFs.mF._promptInteractiveRangeFiles._sharedPartialRangeTokenFiles._compactRangeToken:compactRangeToken;src/iccFs/mF/_promptInteractiveRangeFiles/_sharedPartialRangeTokenFiles/_compactRangeToken.py;1;src.iccFs.mF.convertRangeFiles._inRequestedRangeFiles._matchesPartialRangeTokenFiles._sharedPartialRangeToken:sharedPartialRangeToken;src/iccFs/mF/convertRangeFiles/_inRequestedRangeFiles/_matchesPartialRangeTokenFiles/_sharedPartialRangeToken.py;1;8;compactRangeToken
src.iccFs.mF.convertRangeFiles._inRequestedRangeFiles._matchesPartialRangeTokenFiles._sharedPartialRangeToken:sharedPartialRangeToken;src.iccFs.mF._promptInteractiveRangeFiles._sharedPartialRangeTokenFiles._compactRangeTokenFiles._normalizeRangeToken:normalizeRangeToken;src/iccFs/mF/_promptInteractiveRangeFiles/_sharedPartialRangeTokenFiles/_compactRangeTokenFiles/_normalizeRangeToken.py;2;src.iccFs.mF._promptInteractiveRangeFiles._sharedPartialRangeTokenFiles._compactRangeToken:compactRangeToken;src/iccFs/mF/_promptInteractiveRangeFiles/_sharedPartialRangeTokenFiles/_compactRangeToken.py;1;2;normalizeRangeToken
src.iccFs.mF.convertRangeFiles._inRequestedRangeFiles._matchesPartialRangeTokenFiles._sharedPartialRangeToken:sharedPartialRangeToken;src.iccFs.mF.convertRangeFiles._inRequestedRangeFiles.getBaseNameFromFile:getBaseNameFromFile;src/iccFs/mF/convertRangeFiles/_inRequestedRangeFiles/getBaseNameFromFile.py;3;src.iccFs.mF._promptInteractiveRangeFiles._sharedPartialRangeTokenFiles._compactRangeTokenFiles._normalizeRangeToken:normalizeRangeToken;src/iccFs/mF/_promptInteractiveRangeFiles/_sharedPartialRangeTokenFiles/_compactRangeTokenFiles/_normalizeRangeToken.py;5;2;getBaseNameFromFile
src.iccFs.mF.convertRangeFiles._inRequestedRangeFiles._matchesPartialRangeTokenFiles._sharedPartialRangeToken:sharedPartialRangeToken;src.iccFs.mF._promptInteractiveRangeFiles._sharedPartialRangeTokenFiles._compactRangeToken:compactRangeToken;src/iccFs/mF/_promptInteractiveRangeFiles/_sharedPartialRangeTokenFiles/_compactRangeToken.py;1;src.iccFs.mF.convertRangeFiles._inRequestedRangeFiles._matchesPartialRangeTokenFiles._sharedPartialRangeToken:sharedPartialRangeToken;src/iccFs/mF/convertRangeFiles/_inRequestedRangeFiles/_matchesPartialRangeTokenFiles/_sharedPartialRangeToken.py;1;8;compactRangeToken
src.iccFs.mF.convertRangeFiles._inRequestedRangeFiles._matchesPartialRangeTokenFiles._sharedPartialRangeToken:sharedPartialRangeToken;src.iccFs.mF._promptInteractiveRangeFiles._sharedPartialRangeTokenFiles._compactRangeTokenFiles._normalizeRangeToken:normalizeRangeToken;src/iccFs/mF/_promptInteractiveRangeFiles/_sharedPartialRangeTokenFiles/_compactRangeTokenFiles/_normalizeRangeToken.py;2;src.iccFs.mF._promptInteractiveRangeFiles._sharedPartialRangeTokenFiles._compactRangeToken:compactRangeToken;src/iccFs/mF/_promptInteractiveRangeFiles/_sharedPartialRangeTokenFiles/_compactRangeToken.py;1;2;normalizeRangeToken
src.iccFs.mF.convertRangeFiles._inRequestedRangeFiles._matchesPartialRangeTokenFiles._sharedPartialRangeToken:sharedPartialRangeToken;src.iccFs.mF.convertRangeFiles._inRequestedRangeFiles.getBaseNameFromFile:getBaseNameFromFile;src/iccFs/mF/convertRangeFiles/_inRequestedRangeFiles/getBaseNameFromFile.py;3;src.iccFs.mF._promptInteractiveRangeFiles._sharedPartialRangeTokenFiles._compactRangeTokenFiles._normalizeRangeToken:normalizeRangeToken;src/iccFs/mF/_promptInteractiveRangeFiles/_sharedPartialRangeTokenFiles/_compactRangeTokenFiles/_normalizeRangeToken.py;5;2;getBaseNameFromFile
src.iccFs.mF.convertRangeFiles._inRequestedRangeFiles._matchesPartialRangeTokenFiles._sharedPartialRangeToken:sharedPartialRangeToken;src.iccFs.mF._promptInteractiveRangeFiles._sharedPartialRangeTokenFiles._compactRangeTokenFiles._normalizeRangeToken:normalizeRangeToken;src/iccFs/mF/_promptInteractiveRangeFiles/_sharedPartialRangeTokenFiles/_compactRangeTokenFiles/_normalizeRangeToken.py;1;src.iccFs.mF.convertRangeFiles._inRequestedRangeFiles._matchesPartialRangeTokenFiles._sharedPartialRangeToken:sharedPartialRangeToken;src/iccFs/mF/convertRangeFiles/_inRequestedRangeFiles/_matchesPartialRangeTokenFiles/_sharedPartialRangeToken.py;1;6;normalizeRangeToken
src.iccFs.mF.convertRangeFiles._inRequestedRangeFiles._matchesPartialRangeTokenFiles._sharedPartialRangeToken:sharedPartialRangeToken;src.iccFs.mF.convertRangeFiles._inRequestedRangeFiles.getBaseNameFromFile:getBaseNameFromFile;src/iccFs/mF/convertRangeFiles/_inRequestedRangeFiles/getBaseNameFromFile.py;2;src.iccFs.mF._promptInteractiveRangeFiles._sharedPartialRangeTokenFiles._compactRangeTokenFiles._normalizeRangeToken:normalizeRangeToken;src/iccFs/mF/_promptInteractiveRangeFiles/_sharedPartialRangeTokenFiles/_compactRangeTokenFiles/_normalizeRangeToken.py;5;2;getBaseNameFromFile
src.iccFs.mF.convertRangeFiles._inRequestedRangeFiles._matchesPartialRangeTokenFiles._sharedPartialRangeToken:sharedPartialRangeToken;src.iccFs.mF._promptInteractiveRangeFiles._sharedPartialRangeTokenFiles._compactRangeTokenFiles._normalizeRangeToken:normalizeRangeToken;src/iccFs/mF/_promptInteractiveRangeFiles/_sharedPartialRangeTokenFiles/_compactRangeTokenFiles/_normalizeRangeToken.py;1;src.iccFs.mF.convertRangeFiles._inRequestedRangeFiles._matchesPartialRangeTokenFiles._sharedPartialRangeToken:sharedPartialRangeToken;src/iccFs/mF/convertRangeFiles/_inRequestedRangeFiles/_matchesPartialRangeTokenFiles/_sharedPartialRangeToken.py;1;6;normalizeRangeToken
src.iccFs.mF.convertRangeFiles._inRequestedRangeFiles._matchesPartialRangeTokenFiles._sharedPartialRangeToken:sharedPartialRangeToken;src.iccFs.mF.convertRangeFiles._inRequestedRangeFiles.getBaseNameFromFile:getBaseNameFromFile;src/iccFs/mF/convertRangeFiles/_inRequestedRangeFiles/getBaseNameFromFile.py;2;src.iccFs.mF._promptInteractiveRangeFiles._sharedPartialRangeTokenFiles._compactRangeTokenFiles._normalizeRangeToken:normalizeRangeToken;src/iccFs/mF/_promptInteractiveRangeFiles/_sharedPartialRangeTokenFiles/_compactRangeTokenFiles/_normalizeRangeToken.py;5;2;getBaseNameFromFile
src.iccFs.mF.convertRangeFiles._inRequestedRangeFiles._matchesPartialRangeTokenFiles._sharedPartialRangeTokenFiles._compactRangeToken:compactRangeToken;src.iccFs.mF.convertRangeFiles._inRequestedRangeFiles._matchesPartialRangeTokenFiles._sharedPartialRangeTokenFiles._compactRangeToken:compactRangeToken;src/iccFs/mF/convertRangeFiles/_inRequestedRangeFiles/_matchesPartialRangeTokenFiles/_sharedPartialRangeTokenFiles/_compactRangeToken.py;0;;;6;;
src.iccFs.mF.convertRangeFiles._inRequestedRangeFiles._matchesPartialRangeTokenFiles._sharedPartialRangeTokenFiles._compactRangeToken:compactRangeToken;src.iccFs.mF._promptInteractiveRangeFiles._sharedPartialRangeTokenFiles._compactRangeTokenFiles._normalizeRangeToken:normalizeRangeToken;src/iccFs/mF/_promptInteractiveRangeFiles/_sharedPartialRangeTokenFiles/_compactRangeTokenFiles/_normalizeRangeToken.py;1;src.iccFs.mF.convertRangeFiles._inRequestedRangeFiles._matchesPartialRangeTokenFiles._sharedPartialRangeTokenFiles._compactRangeToken:compactRangeToken;src/iccFs/mF/convertRangeFiles/_inRequestedRangeFiles/_matchesPartialRangeTokenFiles/_sharedPartialRangeTokenFiles/_compactRangeToken.py;1;7;normalizeRangeToken
src.iccFs.mF.convertRangeFiles._inRequestedRangeFiles._matchesPartialRangeTokenFiles._sharedPartialRangeTokenFiles._compactRangeToken:compactRangeToken;src.iccFs.mF.convertRangeFiles._inRequestedRangeFiles.getBaseNameFromFile:getBaseNameFromFile;src/iccFs/mF/convertRangeFiles/_inRequestedRangeFiles/getBaseNameFromFile.py;2;src.iccFs.mF._promptInteractiveRangeFiles._sharedPartialRangeTokenFiles._compactRangeTokenFiles._normalizeRangeToken:normalizeRangeToken;src/iccFs/mF/_promptInteractiveRangeFiles/_sharedPartialRangeTokenFiles/_compactRangeTokenFiles/_normalizeRangeToken.py;5;2;getBaseNameFromFile
src.iccFs.mF.convertRangeFiles._inRequestedRangeFiles._matchesPartialRangeTokenFiles._sharedPartialRangeTokenFiles._compactRangeTokenFiles._normalizeRangeToken:normalizeRangeToken;src.iccFs.mF.convertRangeFiles._inRequestedRangeFiles._matchesPartialRangeTokenFiles._sharedPartialRangeTokenFiles._compactRangeTokenFiles._normalizeRangeToken:normalizeRangeToken;src/iccFs/mF/convertRangeFiles/_inRequestedRangeFiles/_matchesPartialRangeTokenFiles/_sharedPartialRangeTokenFiles/_compactRangeTokenFiles/_normalizeRangeToken.py;0;;;1;;
src.iccFs.mF.convertRangeFiles._inRequestedRangeFiles._matchesPartialRangeTokenFiles._sharedPartialRangeTokenFiles._compactRangeTokenFiles._normalizeRangeToken:normalizeRangeToken;src.iccFs.mF.convertRangeFiles._inRequestedRangeFiles.getBaseNameFromFile:getBaseNameFromFile;src/iccFs/mF/convertRangeFiles/_inRequestedRangeFiles/getBaseNameFromFile.py;1;src.iccFs.mF.convertRangeFiles._inRequestedRangeFiles._matchesPartialRangeTokenFiles._sharedPartialRangeTokenFiles._compactRangeTokenFiles._normalizeRangeToken:normalizeRangeToken;src/iccFs/mF/convertRangeFiles/_inRequestedRangeFiles/_matchesPartialRangeTokenFiles/_sharedPartialRangeTokenFiles/_compactRangeTokenFiles/_normalizeRangeToken.py;5;2;getBaseNameFromFile
src.iccFs.mF.convertRangeFiles._inRequestedRangeFiles._matchesPartialRangeTokenFiles._sharedPartialRangeTokenFiles._normalizeRangeToken:normalizeRangeToken;src.iccFs.mF.convertRangeFiles._inRequestedRangeFiles._matchesPartialRangeTokenFiles._sharedPartialRangeTokenFiles._normalizeRangeToken:normalizeRangeToken;src/iccFs/mF/convertRangeFiles/_inRequestedRangeFiles/_matchesPartialRangeTokenFiles/_sharedPartialRangeTokenFiles/_normalizeRangeToken.py;0;;;1;;
src.iccFs.mF.convertRangeFiles._inRequestedRangeFiles._matchesPartialRangeTokenFiles._sharedPartialRangeTokenFiles._normalizeRangeToken:normalizeRangeToken;src.iccFs.mF.convertRangeFiles._inRequestedRangeFiles.getBaseNameFromFile:getBaseNameFromFile;src/iccFs/mF/convertRangeFiles/_inRequestedRangeFiles/getBaseNameFromFile.py;1;src.iccFs.mF.convertRangeFiles._inRequestedRangeFiles._matchesPartialRangeTokenFiles._sharedPartialRangeTokenFiles._normalizeRangeToken:normalizeRangeToken;src/iccFs/mF/convertRangeFiles/_inRequestedRangeFiles/_matchesPartialRangeTokenFiles/_sharedPartialRangeTokenFiles/_normalizeRangeToken.py;5;2;getBaseNameFromFile
src.iccFs.mF.convertRangeFiles._loadExistingConversionRowsFiles._convertedSvgOutputDir:convertedSvgOutputDir;src.iccFs.mF.convertRangeFiles._loadExistingConversionRowsFiles._convertedSvgOutputDir:convertedSvgOutputDir;src/iccFs/mF/convertRangeFiles/_loadExistingConversionRowsFiles/_convertedSvgOutputDir.py;0;;;1;;
src.iccFs.mF.convertRangeFiles._loadExistingConversionRowsFiles._readSvgGeometry:readSvgGeometry;src.iccFs.mF.convertRangeFiles._loadExistingConversionRowsFiles._readSvgGeometry:readSvgGeometry;src/iccFs/mF/convertRangeFiles/_loadExistingConversionRowsFiles/_readSvgGeometry.py;0;;;1;;
src.iccFs.mF.convertRangeFiles._loadExistingConversionRowsFiles._readSvgGeometry:readSvgGeometry;src.iccFs.mF.convertRangeFiles._loadExistingConversionRowsFiles._readSvgGeometry:grayFromHex;src/iccFs/mF/convertRangeFiles/_loadExistingConversionRowsFiles/_readSvgGeometry.py;1;src.iccFs.mF.convertRangeFiles._loadExistingConversionRowsFiles._readSvgGeometry:readSvgGeometry;src/iccFs/mF/convertRangeFiles/_loadExistingConversionRowsFiles/_readSvgGeometry.py;13;117;grayFromHex
src.iccFs.mF.convertRangeFiles._loadExistingConversionRowsFiles._readSvgGeometry:readSvgGeometry;src.iccFs.mF.convertRangeFiles._loadExistingConversionRowsFiles._readSvgGeometry:grayFromHex;src/iccFs/mF/convertRangeFiles/_loadExistingConversionRowsFiles/_readSvgGeometry.py;1;src.iccFs.mF.convertRangeFiles._loadExistingConversionRowsFiles._readSvgGeometry:readSvgGeometry;src/iccFs/mF/convertRangeFiles/_loadExistingConversionRowsFiles/_readSvgGeometry.py;13;117;grayFromHex
src.iccFs.mF.convertRangeFiles._loadExistingConversionRowsFiles._readSvgGeometry:readSvgGeometry;src.iccFs.mF.convertRangeFiles._loadExistingConversionRowsFiles._readSvgGeometry:grayFromHex;src/iccFs/mF/convertRangeFiles/_loadExistingConversionRowsFiles/_readSvgGeometry.py;1;src.iccFs.mF.convertRangeFiles._loadExistingConversionRowsFiles._readSvgGeometry:readSvgGeometry;src/iccFs/mF/convertRangeFiles/_loadExistingConversionRowsFiles/_readSvgGeometry.py;13;117;grayFromHex
src.iccFs.mF.convertRangeFiles._loadExistingConversionRowsFiles._readSvgGeometry:readSvgGeometry;src.iccFs.mF.convertRangeFiles._loadExistingConversionRowsFiles._readSvgGeometry:grayFromHex;src/iccFs/mF/convertRangeFiles/_loadExistingConversionRowsFiles/_readSvgGeometry.py;1;src.iccFs.mF.convertRangeFiles._loadExistingConversionRowsFiles._readSvgGeometry:readSvgGeometry;src/iccFs/mF/convertRangeFiles/_loadExistingConversionRowsFiles/_readSvgGeometry.py;13;117;grayFromHex
src.iccFs.mF.convertRangeFiles._loadExistingConversionRowsFiles._readSvgGeometry:readSvgGeometry;src.iccFs.mF.convertRangeFiles._loadExistingConversionRowsFiles._readSvgGeometry:grayFromHex;src/iccFs/mF/convertRangeFiles/_loadExistingConversionRowsFiles/_readSvgGeometry.py;1;src.iccFs.mF.convertRangeFiles._loadExistingConversionRowsFiles._readSvgGeometry:readSvgGeometry;src/iccFs/mF/convertRangeFiles/_loadExistingConversionRowsFiles/_readSvgGeometry.py;13;117;grayFromHex
src.iccFs.mF.convertRangeFiles._renderEmbeddedRasterSvgFiles._sniffRasterSize:sniffRasterSize;src.iccFs.mF.convertRangeFiles._renderEmbeddedRasterSvgFiles._sniffRasterSize:sniffRasterSize;src/iccFs/mF/convertRangeFiles/_renderEmbeddedRasterSvgFiles/_sniffRasterSize.py;0;;;1;;
src.iccFs.mF.convertRangeFiles._reportsOutputDir:reportsOutputDir;src.iccFs.mF.convertRangeFiles._reportsOutputDir:reportsOutputDir;src/iccFs/mF/convertRangeFiles/_reportsOutputDir.py;0;;;1;;
src.iccFs.mF.convertRangeFiles._tryTemplateTransferFiles._estimateTemplateTransferScaleFiles._buildTransformedSvgFromTemplate:buildTransformedSvgFromTemplate;src.iccFs.mF.convertRangeFiles._tryTemplateTransferFiles._estimateTemplateTransferScaleFiles._buildTransformedSvgFromTemplate:buildTransformedSvgFromTemplate;src/iccFs/mF/convertRangeFiles/_tryTemplateTransferFiles/_estimateTemplateTransferScaleFiles/_buildTransformedSvgFromTemplate.py;0;;;1;;
src.iccFs.mF.convertRangeFiles._tryTemplateTransferFiles._estimateTemplateTransferScaleFiles._buildTransformedSvgFromTemplate:buildTransformedSvgFromTemplate;src.iccFs.mF.convertRangeFiles._tryTemplateTransferFiles._buildTransformedSvgFromTemplateFiles._extractSvgInner:extractSvgInner;src/iccFs/mF/convertRangeFiles/_tryTemplateTransferFiles/_buildTransformedSvgFromTemplateFiles/_extractSvgInner.py;1;src.iccFs.mF.convertRangeFiles._tryTemplateTransferFiles._estimateTemplateTransferScaleFiles._buildTransformedSvgFromTemplate:buildTransformedSvgFromTemplate;src/iccFs/mF/convertRangeFiles/_tryTemplateTransferFiles/_estimateTemplateTransferScaleFiles/_buildTransformedSvgFromTemplate.py;1;9;extractSvgInner
src.iccFs.mF.convertRangeFiles._tryTemplateTransferFiles._estimateTemplateTransferScaleFiles._buildTransformedSvgFromTemplateFiles._extractSvgInner:extractSvgInner;src.iccFs.mF.convertRangeFiles._tryTemplateTransferFiles._estimateTemplateTransferScaleFiles._buildTransformedSvgFromTemplateFiles._extractSvgInner:extractSvgInner;src/iccFs/mF/convertRangeFiles/_tryTemplateTransferFiles/_estimateTemplateTransferScaleFiles/_buildTransformedSvgFromTemplateFiles/_extractSvgInner.py;0;;;1;;
src.iccFs.mF.convertRangeFiles._tryTemplateTransferFiles._readSvgGeometry:readSvgGeometry;src.iccFs.mF.convertRangeFiles._tryTemplateTransferFiles._readSvgGeometry:readSvgGeometry;src/iccFs/mF/convertRangeFiles/_tryTemplateTransferFiles/_readSvgGeometry.py;0;;;1;;
src.iccFs.mF.convertRangeFiles._tryTemplateTransferFiles._readSvgGeometry:readSvgGeometry;src.iccFs.mF.convertRangeFiles._tryTemplateTransferFiles._readSvgGeometry:grayFromHex;src/iccFs/mF/convertRangeFiles/_tryTemplateTransferFiles/_readSvgGeometry.py;1;src.iccFs.mF.convertRangeFiles._tryTemplateTransferFiles._readSvgGeometry:readSvgGeometry;src/iccFs/mF/convertRangeFiles/_tryTemplateTransferFiles/_readSvgGeometry.py;13;117;grayFromHex
src.iccFs.mF.convertRangeFiles._tryTemplateTransferFiles._readSvgGeometry:readSvgGeometry;src.iccFs.mF.convertRangeFiles._tryTemplateTransferFiles._readSvgGeometry:grayFromHex;src/iccFs/mF/convertRangeFiles/_tryTemplateTransferFiles/_readSvgGeometry.py;1;src.iccFs.mF.convertRangeFiles._tryTemplateTransferFiles._readSvgGeometry:readSvgGeometry;src/iccFs/mF/convertRangeFiles/_tryTemplateTransferFiles/_readSvgGeometry.py;13;117;grayFromHex
src.iccFs.mF.convertRangeFiles._tryTemplateTransferFiles._readSvgGeometry:readSvgGeometry;src.iccFs.mF.convertRangeFiles._tryTemplateTransferFiles._readSvgGeometry:grayFromHex;src/iccFs/mF/convertRangeFiles/_tryTemplateTransferFiles/_readSvgGeometry.py;1;src.iccFs.mF.convertRangeFiles._tryTemplateTransferFiles._readSvgGeometry:readSvgGeometry;src/iccFs/mF/convertRangeFiles/_tryTemplateTransferFiles/_readSvgGeometry.py;13;117;grayFromHex
src.iccFs.mF.convertRangeFiles._tryTemplateTransferFiles._readSvgGeometry:readSvgGeometry;src.iccFs.mF.convertRangeFiles._tryTemplateTransferFiles._readSvgGeometry:grayFromHex;src/iccFs/mF/convertRangeFiles/_tryTemplateTransferFiles/_readSvgGeometry.py;1;src.iccFs.mF.convertRangeFiles._tryTemplateTransferFiles._readSvgGeometry:readSvgGeometry;src/iccFs/mF/convertRangeFiles/_tryTemplateTransferFiles/_readSvgGeometry.py;13;117;grayFromHex
src.iccFs.mF.convertRangeFiles._tryTemplateTransferFiles._readSvgGeometry:readSvgGeometry;src.iccFs.mF.convertRangeFiles._tryTemplateTransferFiles._readSvgGeometry:grayFromHex;src/iccFs/mF/convertRangeFiles/_tryTemplateTransferFiles/_readSvgGeometry.py;1;src.iccFs.mF.convertRangeFiles._tryTemplateTransferFiles._readSvgGeometry:readSvgGeometry;src/iccFs/mF/convertRangeFiles/_tryTemplateTransferFiles/_readSvgGeometry.py;13;117;grayFromHex
src.iccFs.mF.convertRangeFiles._tryTemplateTransferFiles._templateTransferTransformCandidatesFiles._templateTransferScaleCandidates:templateTransferScaleCandidates;src.iccFs.mF.convertRangeFiles._tryTemplateTransferFiles._templateTransferTransformCandidatesFiles._templateTransferScaleCandidates:templateTransferScaleCandidates;src/iccFs/mF/convertRangeFiles/_tryTemplateTransferFiles/_templateTransferTransformCandidatesFiles/_templateTransferScaleCandidates.py;0;;;1;;
src.iccFs.mF.convertRangeFiles._writeQualityConfigFiles._qualityConfigPath:qualityConfigPath;src.iccFs.mF.convertRangeFiles._writeQualityConfigFiles._qualityConfigPath:qualityConfigPath;src/iccFs/mF/convertRangeFiles/_writeQualityConfigFiles/_qualityConfigPath.py;0;;;1;;
src.iccFs.mF.convertRangeFiles.updateSuccessfulConversionsManifestWithMetricsFiles._isSuccessfulConversionCandidateBetterFiles._successfulConversionMetricsAvailable:successfulConversionMetricsAvailable;src.iccFs.mF.convertRangeFiles.updateSuccessfulConversionsManifestWithMetricsFiles._isSuccessfulConversionCandidateBetterFiles._successfulConversionMetricsAvailable:successfulConversionMetricsAvailable;src/iccFs/mF/convertRangeFiles/updateSuccessfulConversionsManifestWithMetricsFiles/_isSuccessfulConversionCandidateBetterFiles/_successfulConversionMetricsAvailable.py;0;;;1;;
src.iccFs.mF.convertRangeFiles.updateSuccessfulConversionsManifestWithMetricsFiles._storeSuccessfulConversionSnapshotFiles._successfulConversionSnapshotPaths:successfulConversionSnapshotPaths;src.iccFs.mF.convertRangeFiles.updateSuccessfulConversionsManifestWithMetricsFiles._storeSuccessfulConversionSnapshotFiles._successfulConversionSnapshotPaths:successfulConversionSnapshotPaths;src/iccFs/mF/convertRangeFiles/updateSuccessfulConversionsManifestWithMetricsFiles/_storeSuccessfulConversionSnapshotFiles/_successfulConversionSnapshotPaths.py;0;;;1;;
src.iccFs.mF.convertRangeFiles.updateSuccessfulConversionsManifestWithMetricsFiles._storeSuccessfulConversionSnapshotFiles._successfulConversionSnapshotPaths:successfulConversionSnapshotPaths;src.iccFs.mF.convertRangeFiles.updateSuccessfulConversionsManifestWithMetricsFiles._restoreSuccessfulConversionSnapshotFiles._successfulConversionSnapshotPathsFiles._successfulConversionSnapshotDir:successfulConversionSnapshotDir;src/iccFs/mF/convertRangeFiles/updateSuccessfulConversionsManifestWithMetricsFiles/_restoreSuccessfulConversionSnapshotFiles/_successfulConversionSnapshotPathsFiles/_successfulConversionSnapshotDir.py;1;src.iccFs.mF.convertRangeFiles.updateSuccessfulConversionsManifestWithMetricsFiles._storeSuccessfulConversionSnapshotFiles._successfulConversionSnapshotPaths:successfulConversionSnapshotPaths;src/iccFs/mF/convertRangeFiles/updateSuccessfulConversionsManifestWithMetricsFiles/_storeSuccessfulConversionSnapshotFiles/_successfulConversionSnapshotPaths.py;1;2;successfulConversionSnapshotDir
src.iccFs.mF.convertRangeFiles.updateSuccessfulConversionsManifestWithMetricsFiles._storeSuccessfulConversionSnapshotFiles._successfulConversionSnapshotPathsFiles._successfulConversionSnapshotDir:successfulConversionSnapshotDir;src.iccFs.mF.convertRangeFiles.updateSuccessfulConversionsManifestWithMetricsFiles._storeSuccessfulConversionSnapshotFiles._successfulConversionSnapshotPathsFiles._successfulConversionSnapshotDir:successfulConversionSnapshotDir;src/iccFs/mF/convertRangeFiles/updateSuccessfulConversionsManifestWithMetricsFiles/_storeSuccessfulConversionSnapshotFiles/_successfulConversionSnapshotPathsFiles/_successfulConversionSnapshotDir.py;0;;;1;;
src.iccFs.mF.convert_range:convertRange;src.iccFs.mF.convert_range:convertRange;src/iccFs/mF/convert_range.py;0;;;1;;
src.iccFs.mF.convert_range:convertRange;src.iccFs.mF.convertRangeFiles._adaptiveIterationBudgetForQualityRow:adaptiveIterationBudgetForQualityRow;src/iccFs/mF/convertRangeFiles/_adaptiveIterationBudgetForQualityRow.py;1;src.iccFs.mF.convert_range:convertRange;src/iccFs/mF/convert_range.py;1;262;adaptiveIterationBudgetForQualityRow
src.iccFs.mF.convert_range:convertRange;src.iccFs.mF.convertRangeFiles._computeSuccessfulConversionsErrorThreshold:computeSuccessfulConversionsErrorThreshold;src/iccFs/mF/convertRangeFiles/_computeSuccessfulConversionsErrorThreshold.py;1;src.iccFs.mF.convert_range:convertRange;src/iccFs/mF/convert_range.py;1;204;computeSuccessfulConversionsErrorThreshold
src.iccFs.mF.convert_range:convertRange;src.iccFs.mF.convertRangeFiles._conversionRandom:conversionRandom;src/iccFs/mF/convertRangeFiles/_conversionRandom.py;1;src.iccFs.mF.convert_range:convertRange;src/iccFs/mF/convert_range.py;1;53;conversionRandom
src.iccFs.mF.convert_range:convertRange;src.iccFs.mF.convertRangeFiles._convertedSvgOutputDir:convertedSvgOutputDir;src/iccFs/mF/convertRangeFiles/_convertedSvgOutputDir.py;1;src.iccFs.mF.convert_range:convertRange;src/iccFs/mF/convert_range.py;1;13;convertedSvgOutputDir
src.iccFs.mF.convert_range:convertRange;src.iccFs.mF.convertRangeFiles._createDiffImageWithoutCv2:createDiffImageWithoutCv2;src/iccFs/mF/convertRangeFiles/_createDiffImageWithoutCv2.py;1;src.iccFs.mF.convert_range:convertRange;src/iccFs/mF/convert_range.py;1;42;createDiffImageWithoutCv2
src.iccFs.mF.convert_range:convertRange;src.iccFs.mF.convertRangeFiles._defaultConvertedSymbolsRoot:defaultConvertedSymbolsRoot;src/iccFs/mF/convertRangeFiles/_defaultConvertedSymbolsRoot.py;1;src.iccFs.mF.convert_range:convertRange;src/iccFs/mF/convert_range.py;4;12;defaultConvertedSymbolsRoot
src.iccFs.mF.convert_range:convertRange;src.iccFs.mF.convertRangeFiles._diffOutputDir:diffOutputDir;src/iccFs/mF/convertRangeFiles/_diffOutputDir.py;1;src.iccFs.mF.convert_range:convertRange;src/iccFs/mF/convert_range.py;1;14;diffOutputDir
src.iccFs.mF.convert_range:convertRange;src.iccFs.mF.convertRangeFiles._evaluateQualityPassCandidate:evaluateQualityPassCandidate;src/iccFs/mF/convertRangeFiles/_evaluateQualityPassCandidate.py;1;src.iccFs.mF.convert_range:convertRange;src/iccFs/mF/convert_range.py;1;270;evaluateQualityPassCandidate
src.iccFs.mF.convert_range:convertRange;src.iccFs.mF.convertRangeFiles._harmonizeSemanticSizeVariants:harmonizeSemanticSizeVariants;src/iccFs/mF/convertRangeFiles/_harmonizeSemanticSizeVariants.py;1;src.iccFs.mF.convert_range:convertRange;src/iccFs/mF/convert_range.py;1;351;harmonizeSemanticSizeVariants
src.iccFs.mF.convert_range:convertRange;src.iccFs.mF.convertRangeFiles._harmonizeSemanticSizeVariantsFiles._familyHarmonizedBadgeColors:familyHarmonizedBadgeColors;src/iccFs/mF/convertRangeFiles/_harmonizeSemanticSizeVariantsFiles/_familyHarmonizedBadgeColors.py;2;src.iccFs.mF.convertRangeFiles._harmonizeSemanticSizeVariants:harmonizeSemanticSizeVariants;src/iccFs/mF/convertRangeFiles/_harmonizeSemanticSizeVariants.py;1;73;familyHarmonizedBadgeColors
src.iccFs.mF.convert_range:convertRange;src.iccFs.mF.convertRangeFiles._harmonizeSemanticSizeVariantsFiles._familyHarmonizedBadgeColorsFiles._clipGray:clipGray;src/iccFs/mF/convertRangeFiles/_harmonizeSemanticSizeVariantsFiles/_familyHarmonizedBadgeColorsFiles/_clipGray.py;3;src.iccFs.mF.convertRangeFiles._harmonizeSemanticSizeVariantsFiles._familyHarmonizedBadgeColors:familyHarmonizedBadgeColors;src/iccFs/mF/convertRangeFiles/_harmonizeSemanticSizeVariantsFiles/_familyHarmonizedBadgeColors.py;1;28;clipGray
src.iccFs.mF.convert_range:convertRange;src.iccFs.mF.convertRangeFiles._harmonizeSemanticSizeVariantsFiles._familyHarmonizedBadgeColorsFiles._clipGray:clipGray;src/iccFs/mF/convertRangeFiles/_harmonizeSemanticSizeVariantsFiles/_familyHarmonizedBadgeColorsFiles/_clipGray.py;3;src.iccFs.mF.convertRangeFiles._harmonizeSemanticSizeVariantsFiles._familyHarmonizedBadgeColors:familyHarmonizedBadgeColors;src/iccFs/mF/convertRangeFiles/_harmonizeSemanticSizeVariantsFiles/_familyHarmonizedBadgeColors.py;1;28;clipGray
src.iccFs.mF.convert_range:convertRange;src.iccFs.mF.convertRangeFiles._harmonizeSemanticSizeVariantsFiles._familyHarmonizedBadgeColorsFiles._clipGray:clipGray;src/iccFs/mF/convertRangeFiles/_harmonizeSemanticSizeVariantsFiles/_familyHarmonizedBadgeColorsFiles/_clipGray.py;3;src.iccFs.mF.convertRangeFiles._harmonizeSemanticSizeVariantsFiles._familyHarmonizedBadgeColors:familyHarmonizedBadgeColors;src/iccFs/mF/convertRangeFiles/_harmonizeSemanticSizeVariantsFiles/_familyHarmonizedBadgeColors.py;1;28;clipGray
src.iccFs.mF.convert_range:convertRange;src.iccFs.mF.convertRangeFiles._harmonizeSemanticSizeVariantsFiles._familyHarmonizedBadgeColorsFiles._clipGray:clipGray;src/iccFs/mF/convertRangeFiles/_harmonizeSemanticSizeVariantsFiles/_familyHarmonizedBadgeColorsFiles/_clipGray.py;3;src.iccFs.mF.convertRangeFiles._harmonizeSemanticSizeVariantsFiles._familyHarmonizedBadgeColors:familyHarmonizedBadgeColors;src/iccFs/mF/convertRangeFiles/_harmonizeSemanticSizeVariantsFiles/_familyHarmonizedBadgeColors.py;1;28;clipGray
src.iccFs.mF.convert_range:convertRange;src.iccFs.mF.convertRangeFiles._harmonizeSemanticSizeVariantsFiles._familyHarmonizedBadgeColorsFiles._clipGray:clipGray;src/iccFs/mF/convertRangeFiles/_harmonizeSemanticSizeVariantsFiles/_familyHarmonizedBadgeColorsFiles/_clipGray.py;3;src.iccFs.mF.convertRangeFiles._harmonizeSemanticSizeVariantsFiles._familyHarmonizedBadgeColors:familyHarmonizedBadgeColors;src/iccFs/mF/convertRangeFiles/_harmonizeSemanticSizeVariantsFiles/_familyHarmonizedBadgeColors.py;1;28;clipGray
src.iccFs.mF.convert_range:convertRange;src.iccFs.mF.convertRangeFiles._harmonizeSemanticSizeVariantsFiles._maxSignatureDelta:maxSignatureDelta;src/iccFs/mF/convertRangeFiles/_harmonizeSemanticSizeVariantsFiles/_maxSignatureDelta.py;2;src.iccFs.mF.convertRangeFiles._harmonizeSemanticSizeVariants:harmonizeSemanticSizeVariants;src/iccFs/mF/convertRangeFiles/_harmonizeSemanticSizeVariants.py;1;54;maxSignatureDelta
src.iccFs.mF.convert_range:convertRange;src.iccFs.mF.convertRangeFiles._harmonizeSemanticSizeVariantsFiles._normalizedGeometrySignature:normalizedGeometrySignature;src/iccFs/mF/convertRangeFiles/_harmonizeSemanticSizeVariantsFiles/_normalizedGeometrySignature.py;2;src.iccFs.mF.convertRangeFiles._harmonizeSemanticSizeVariants:harmonizeSemanticSizeVariants;src/iccFs/mF/convertRangeFiles/_harmonizeSemanticSizeVariants.py;1;46;normalizedGeometrySignature
src.iccFs.mF.convert_range:convertRange;src.iccFs.mF.convertRangeFiles._harmonizeSemanticSizeVariantsFiles._readSvgGeometry:readSvgGeometry;src/iccFs/mF/convertRangeFiles/_harmonizeSemanticSizeVariantsFiles/_readSvgGeometry.py;2;src.iccFs.mF.convertRangeFiles._harmonizeSemanticSizeVariants:harmonizeSemanticSizeVariants;src/iccFs/mF/convertRangeFiles/_harmonizeSemanticSizeVariants.py;1;24;readSvgGeometry
src.iccFs.mF.convert_range:convertRange;src.iccFs.mF.convertRangeFiles._harmonizeSemanticSizeVariantsFiles._readSvgGeometry:grayFromHex;src/iccFs/mF/convertRangeFiles/_harmonizeSemanticSizeVariantsFiles/_readSvgGeometry.py;3;src.iccFs.mF.convertRangeFiles._harmonizeSemanticSizeVariantsFiles._readSvgGeometry:readSvgGeometry;src/iccFs/mF/convertRangeFiles/_harmonizeSemanticSizeVariantsFiles/_readSvgGeometry.py;13;117;grayFromHex
src.iccFs.mF.convert_range:convertRange;src.iccFs.mF.convertRangeFiles._harmonizeSemanticSizeVariantsFiles._readSvgGeometry:grayFromHex;src/iccFs/mF/convertRangeFiles/_harmonizeSemanticSizeVariantsFiles/_readSvgGeometry.py;3;src.iccFs.mF.convertRangeFiles._harmonizeSemanticSizeVariantsFiles._readSvgGeometry:readSvgGeometry;src/iccFs/mF/convertRangeFiles/_harmonizeSemanticSizeVariantsFiles/_readSvgGeometry.py;13;117;grayFromHex
src.iccFs.mF.convert_range:convertRange;src.iccFs.mF.convertRangeFiles._harmonizeSemanticSizeVariantsFiles._readSvgGeometry:grayFromHex;src/iccFs/mF/convertRangeFiles/_harmonizeSemanticSizeVariantsFiles/_readSvgGeometry.py;3;src.iccFs.mF.convertRangeFiles._harmonizeSemanticSizeVariantsFiles._readSvgGeometry:readSvgGeometry;src/iccFs/mF/convertRangeFiles/_harmonizeSemanticSizeVariantsFiles/_readSvgGeometry.py;13;117;grayFromHex
src.iccFs.mF.convert_range:convertRange;src.iccFs.mF.convertRangeFiles._harmonizeSemanticSizeVariantsFiles._readSvgGeometry:grayFromHex;src/iccFs/mF/convertRangeFiles/_harmonizeSemanticSizeVariantsFiles/_readSvgGeometry.py;3;src.iccFs.mF.convertRangeFiles._harmonizeSemanticSizeVariantsFiles._readSvgGeometry:readSvgGeometry;src/iccFs/mF/convertRangeFiles/_harmonizeSemanticSizeVariantsFiles/_readSvgGeometry.py;13;117;grayFromHex
src.iccFs.mF.convert_range:convertRange;src.iccFs.mF.convertRangeFiles._harmonizeSemanticSizeVariantsFiles._readSvgGeometry:grayFromHex;src/iccFs/mF/convertRangeFiles/_harmonizeSemanticSizeVariantsFiles/_readSvgGeometry.py;3;src.iccFs.mF.convertRangeFiles._harmonizeSemanticSizeVariantsFiles._readSvgGeometry:readSvgGeometry;src/iccFs/mF/convertRangeFiles/_harmonizeSemanticSizeVariantsFiles/_readSvgGeometry.py;13;117;grayFromHex
src.iccFs.mF.convert_range:convertRange;src.iccFs.mF.convertRangeFiles._harmonizeSemanticSizeVariantsFiles._scaleBadgeParams:scaleBadgeParams;src/iccFs/mF/convertRangeFiles/_harmonizeSemanticSizeVariantsFiles/_scaleBadgeParams.py;2;src.iccFs.mF.convertRangeFiles._harmonizeSemanticSizeVariants:harmonizeSemanticSizeVariants;src/iccFs/mF/convertRangeFiles/_harmonizeSemanticSizeVariants.py;1;79;scaleBadgeParams
src.iccFs.mF.convert_range:convertRange;src.iccFs.mF.convertRangeFiles._harmonizeSemanticSizeVariantsFiles._scaleBadgeParamsFiles._needsLargeCircleOverflowGuard:needsLargeCircleOverflowGuard;src/iccFs/mF/convertRangeFiles/_harmonizeSemanticSizeVariantsFiles/_scaleBadgeParamsFiles/_needsLargeCircleOverflowGuard.py;3;src.iccFs.mF.convertRangeFiles._harmonizeSemanticSizeVariantsFiles._scaleBadgeParams:scaleBadgeParams;src/iccFs/mF/convertRangeFiles/_harmonizeSemanticSizeVariantsFiles/_scaleBadgeParams.py;1;53;needsLargeCircleOverflowGuard
src.iccFs.mF.convert_range:convertRange;src.iccFs.mF.imageCompositeConverterCore:Action.clipScalar;src/iccFs/mF/imageCompositeConverterCore.py;3;src.iccFs.mF.convertRangeFiles._harmonizeSemanticSizeVariantsFiles._scaleBadgeParams:scaleBadgeParams;src/iccFs/mF/convertRangeFiles/_harmonizeSemanticSizeVariantsFiles/_scaleBadgeParams.py;1368;78;clipScalar
src.iccFs.mF.convert_range:convertRange;src.iccFs.mF.imageCompositeConverterCore:Action.clipScalar;src/iccFs/mF/imageCompositeConverterCore.py;3;src.iccFs.mF.convertRangeFiles._harmonizeSemanticSizeVariantsFiles._scaleBadgeParams:scaleBadgeParams;src/iccFs/mF/convertRangeFiles/_harmonizeSemanticSizeVariantsFiles/_scaleBadgeParams.py;1368;78;clipScalar
src.iccFs.mF.convert_range:convertRange;src.iccFs.mF.imageCompositeConverterCore:Action.clipScalar;src/iccFs/mF/imageCompositeConverterCore.py;3;src.iccFs.mF.convertRangeFiles._harmonizeSemanticSizeVariantsFiles._scaleBadgeParams:scaleBadgeParams;src/iccFs/mF/convertRangeFiles/_harmonizeSemanticSizeVariantsFiles/_scaleBadgeParams.py;1368;78;clipScalar
src.iccFs.mF.convert_range:convertRange;src.iccFs.mF.imageCompositeConverterCore:Action.clipScalar;src/iccFs/mF/imageCompositeConverterCore.py;3;src.iccFs.mF.convertRangeFiles._harmonizeSemanticSizeVariantsFiles._scaleBadgeParams:scaleBadgeParams;src/iccFs/mF/convertRangeFiles/_harmonizeSemanticSizeVariantsFiles/_scaleBadgeParams.py;1368;78;clipScalar
src.iccFs.mF.convert_range:convertRange;src.iccFs.mF.imageCompositeConverterCore:Action.clipScalar;src/iccFs/mF/imageCompositeConverterCore.py;3;src.iccFs.mF.convertRangeFiles._harmonizeSemanticSizeVariantsFiles._scaleBadgeParams:scaleBadgeParams;src/iccFs/mF/convertRangeFiles/_harmonizeSemanticSizeVariantsFiles/_scaleBadgeParams.py;1368;78;clipScalar
src.iccFs.mF.convert_range:convertRange;src.iccFs.mF.imageCompositeConverterCore:Action.clipScalar;src/iccFs/mF/imageCompositeConverterCore.py;3;src.iccFs.mF.convertRangeFiles._harmonizeSemanticSizeVariantsFiles._scaleBadgeParams:scaleBadgeParams;src/iccFs/mF/convertRangeFiles/_harmonizeSemanticSizeVariantsFiles/_scaleBadgeParams.py;1368;78;clipScalar
src.iccFs.mF.convert_range:convertRange;src.iccFs.mF.imageCompositeConverterCore:Action.clipScalar;src/iccFs/mF/imageCompositeConverterCore.py;3;src.iccFs.mF.convertRangeFiles._harmonizeSemanticSizeVariantsFiles._scaleBadgeParams:scaleBadgeParams;src/iccFs/mF/convertRangeFiles/_harmonizeSemanticSizeVariantsFiles/_scaleBadgeParams.py;1368;78;clipScalar
src.iccFs.mF.convert_range:convertRange;src.iccFs.mF.imageCompositeConverterCore:Action.generateBadgeSvg;src/iccFs/mF/imageCompositeConverterCore.py;2;src.iccFs.mF.convertRangeFiles._harmonizeSemanticSizeVariants:harmonizeSemanticSizeVariants;src/iccFs/mF/convertRangeFiles/_harmonizeSemanticSizeVariants.py;4326;92;generateBadgeSvg
src.iccFs.mF.convert_range:convertRange;src.iccFs.mF.imageCompositeConverterCore:Action.grayhex;src/iccFs/mF/imageCompositeConverterCore.py;3;src.iccFs.mF.imageCompositeConverterCore:Action.generateBadgeSvg;src/iccFs/mF/imageCompositeConverterCore.py;1359;4350;grayhex
src.iccFs.mF.convert_range:convertRange;src.iccFs.mF.imageCompositeConverterCore:Action.grayhex;src/iccFs/mF/imageCompositeConverterCore.py;3;src.iccFs.mF.imageCompositeConverterCore:Action.generateBadgeSvg;src/iccFs/mF/imageCompositeConverterCore.py;1359;4350;grayhex
src.iccFs.mF.convert_range:convertRange;src.iccFs.mF.imageCompositeConverterCore:Action.grayhex;src/iccFs/mF/imageCompositeConverterCore.py;3;src.iccFs.mF.imageCompositeConverterCore:Action.generateBadgeSvg;src/iccFs/mF/imageCompositeConverterCore.py;1359;4350;grayhex
src.iccFs.mF.convert_range:convertRange;src.iccFs.mF.imageCompositeConverterCore:Action.grayhex;src/iccFs/mF/imageCompositeConverterCore.py;3;src.iccFs.mF.imageCompositeConverterCore:Action.generateBadgeSvg;src/iccFs/mF/imageCompositeConverterCore.py;1359;4350;grayhex
src.iccFs.mF.convert_range:convertRange;src.iccFs.mF.imageCompositeConverterCore:Action.grayhex;src/iccFs/mF/imageCompositeConverterCore.py;3;src.iccFs.mF.imageCompositeConverterCore:Action.generateBadgeSvg;src/iccFs/mF/imageCompositeConverterCore.py;1359;4350;grayhex
src.iccFs.mF.convert_range:convertRange;src.iccFs.mF.imageCompositeConverterCore:Action.grayhex;src/iccFs/mF/imageCompositeConverterCore.py;3;src.iccFs.mF.imageCompositeConverterCore:Action.generateBadgeSvg;src/iccFs/mF/imageCompositeConverterCore.py;1359;4350;grayhex
src.iccFs.mF.convert_range:convertRange;src.iccFs.mF.imageCompositeConverterCore:Action.grayhex;src/iccFs/mF/imageCompositeConverterCore.py;3;src.iccFs.mF.imageCompositeConverterCore:Action.generateBadgeSvg;src/iccFs/mF/imageCompositeConverterCore.py;1359;4350;grayhex
src.iccFs.mF.convert_range:convertRange;src.iccFs.mF.imageCompositeConverterCore:Action.grayhex;src/iccFs/mF/imageCompositeConverterCore.py;3;src.iccFs.mF.imageCompositeConverterCore:Action.generateBadgeSvg;src/iccFs/mF/imageCompositeConverterCore.py;1359;4350;grayhex
src.iccFs.mF.convert_range:convertRange;src.iccFs.mF.imageCompositeConverterCore:Action.grayhex;src/iccFs/mF/imageCompositeConverterCore.py;3;src.iccFs.mF.imageCompositeConverterCore:Action.generateBadgeSvg;src/iccFs/mF/imageCompositeConverterCore.py;1359;4350;grayhex
src.iccFs.mF.convert_range:convertRange;src.iccFs.mF.imageCompositeConverterCore:Action.clipScalar;src/iccFs/mF/imageCompositeConverterCore.py;3;src.iccFs.mF.imageCompositeConverterCore:Action.generateBadgeSvg;src/iccFs/mF/imageCompositeConverterCore.py;1368;4340;clipScalar
src.iccFs.mF.convert_range:convertRange;src.iccFs.mF.imageCompositeConverterCore:Action.clipScalar;src/iccFs/mF/imageCompositeConverterCore.py;3;src.iccFs.mF.imageCompositeConverterCore:Action.generateBadgeSvg;src/iccFs/mF/imageCompositeConverterCore.py;1368;4340;clipScalar
src.iccFs.mF.convert_range:convertRange;src.iccFs.mF.imageCompositeConverterCore:Action.clipScalar;src/iccFs/mF/imageCompositeConverterCore.py;3;src.iccFs.mF.imageCompositeConverterCore:Action.generateBadgeSvg;src/iccFs/mF/imageCompositeConverterCore.py;1368;4340;clipScalar
src.iccFs.mF.convert_range:convertRange;src.iccFs.mF.imageCompositeConverterCore:Action.clipScalar;src/iccFs/mF/imageCompositeConverterCore.py;3;src.iccFs.mF.imageCompositeConverterCore:Action.generateBadgeSvg;src/iccFs/mF/imageCompositeConverterCore.py;1368;4340;clipScalar
src.iccFs.mF.convert_range:convertRange;src.iccFs.mF.imageCompositeConverterCore:Action.clipScalar;src/iccFs/mF/imageCompositeConverterCore.py;3;src.iccFs.mF.imageCompositeConverterCore:Action.generateBadgeSvg;src/iccFs/mF/imageCompositeConverterCore.py;1368;4340;clipScalar
src.iccFs.mF.convert_range:convertRange;src.iccFs.mF.imageCompositeConverterCore:Action.clipScalar;src/iccFs/mF/imageCompositeConverterCore.py;3;src.iccFs.mF.imageCompositeConverterCore:Action.generateBadgeSvg;src/iccFs/mF/imageCompositeConverterCore.py;1368;4340;clipScalar
src.iccFs.mF.convert_range:convertRange;src.iccFs.mF.imageCompositeConverterCore:Action.clipScalar;src/iccFs/mF/imageCompositeConverterCore.py;3;src.iccFs.mF.imageCompositeConverterCore:Action.generateBadgeSvg;src/iccFs/mF/imageCompositeConverterCore.py;1368;4340;clipScalar
src.iccFs.mF.convert_range:convertRange;src.iccFs.mF.imageCompositeConverterCore:Action.quantizeBadgeParams;src/iccFs/mF/imageCompositeConverterCore.py;3;src.iccFs.mF.imageCompositeConverterCore:Action.generateBadgeSvg;src/iccFs/mF/imageCompositeConverterCore.py;1589;4328;quantizeBadgeParams
src.iccFs.mF.convert_range:convertRange;src.iccFs.mF.imageCompositeConverterCore:Action.snapHalf;src/iccFs/mF/imageCompositeConverterCore.py;4;src.iccFs.mF.imageCompositeConverterCore:Action.quantizeBadgeParams;src/iccFs/mF/imageCompositeConverterCore.py;1364;1626;snapHalf
src.iccFs.mF.convert_range:convertRange;src.iccFs.mF.imageCompositeConverterCore:Action.snapHalf;src/iccFs/mF/imageCompositeConverterCore.py;4;src.iccFs.mF.imageCompositeConverterCore:Action.quantizeBadgeParams;src/iccFs/mF/imageCompositeConverterCore.py;1364;1626;snapHalf
src.iccFs.mF.convert_range:convertRange;src.iccFs.mF.imageCompositeConverterCore:Action.snapHalf;src/iccFs/mF/imageCompositeConverterCore.py;4;src.iccFs.mF.imageCompositeConverterCore:Action.quantizeBadgeParams;src/iccFs/mF/imageCompositeConverterCore.py;1364;1626;snapHalf
src.iccFs.mF.convert_range:convertRange;src.iccFs.mF.imageCompositeConverterCore:Action.snapHalf;src/iccFs/mF/imageCompositeConverterCore.py;4;src.iccFs.mF.imageCompositeConverterCore:Action.quantizeBadgeParams;src/iccFs/mF/imageCompositeConverterCore.py;1364;1626;snapHalf
src.iccFs.mF.convert_range:convertRange;src.iccFs.mF.imageCompositeConverterCore:Action.snapHalf;src/iccFs/mF/imageCompositeConverterCore.py;4;src.iccFs.mF.imageCompositeConverterCore:Action.quantizeBadgeParams;src/iccFs/mF/imageCompositeConverterCore.py;1364;1626;snapHalf
src.iccFs.mF.convert_range:convertRange;src.iccFs.mF.imageCompositeConverterCore:Action.snapIntPx;src/iccFs/mF/imageCompositeConverterCore.py;4;src.iccFs.mF.imageCompositeConverterCore:Action.quantizeBadgeParams;src/iccFs/mF/imageCompositeConverterCore.py;1404;1620;snapIntPx
src.iccFs.mF.convert_range:convertRange;src.iccFs.mF.imageCompositeConverterCore:Action.maxCircleRadiusInsideCanvas;src/iccFs/mF/imageCompositeConverterCore.py;4;src.iccFs.mF.imageCompositeConverterCore:Action.quantizeBadgeParams;src/iccFs/mF/imageCompositeConverterCore.py;1408;1645;maxCircleRadiusInsideCanvas
src.iccFs.mF.convert_range:convertRange;src.iccFs.mF.imageCompositeConverterCore:Action.clampCircleInsideCanvas;src/iccFs/mF/imageCompositeConverterCore.py;4;src.iccFs.mF.imageCompositeConverterCore:Action.quantizeBadgeParams;src/iccFs/mF/imageCompositeConverterCore.py;1443;1636;clampCircleInsideCanvas
src.iccFs.mF.convert_range:convertRange;src.iccFs.mF.imageCompositeConverterCore:Action.maxCircleRadiusInsideCanvas;src/iccFs/mF/imageCompositeConverterCore.py;5;src.iccFs.mF.imageCompositeConverterCore:Action.clampCircleInsideCanvas;src/iccFs/mF/imageCompositeConverterCore.py;1408;1454;maxCircleRadiusInsideCanvas
src.iccFs.mF.convert_range:convertRange;src.iccFs.mF.imageCompositeConverterCore:Action.applyCircleTextWidthConstraint;src/iccFs/mF/imageCompositeConverterCore.py;5;src.iccFs.mF.imageCompositeConverterCore:Action.clampCircleInsideCanvas;src/iccFs/mF/imageCompositeConverterCore.py;1421;1455;applyCircleTextWidthConstraint
src.iccFs.mF.convert_range:convertRange;src.iccFs.mF.imageCompositeConverterCore:Action.isCircleWithText;src/iccFs/mF/imageCompositeConverterCore.py;6;src.iccFs.mF.imageCompositeConverterCore:Action.applyCircleTextWidthConstraint;src/iccFs/mF/imageCompositeConverterCore.py;1416;1423;isCircleWithText
src.iccFs.mF.convert_range:convertRange;src.iccFs.mF.imageCompositeConverterCore:Action.applyCircleTextRadiusFloor;src/iccFs/mF/imageCompositeConverterCore.py;5;src.iccFs.mF.imageCompositeConverterCore:Action.clampCircleInsideCanvas;src/iccFs/mF/imageCompositeConverterCore.py;1430;1463;applyCircleTextRadiusFloor
