code;file;line;column;line_text
AC0811_L;src/iCCModules/imageCompositeConverterAc08Reporting.py;32;28;"if variant == ""AC0811_L"" and focus == ""stable_good"":"
AC0811;src/iCCModules/imageCompositeConverterAudit.py;24;53;"""""""Build a normalized semantic-audit record for AC0811..AC0814 style families."""""""
AC0814;src/iCCModules/imageCompositeConverterAudit.py;24;61;"""""""Build a normalized semantic-audit record for AC0811..AC0814 style families."""""""
AC0811;src/iCCModules/imageCompositeConverterAudit.py;84;61;"""""""Persist semantic audit rows as CSV/JSON for targeted AC0811..AC0814 review."""""""
AC0814;src/iCCModules/imageCompositeConverterAudit.py;84;69;"""""""Persist semantic audit rows as CSV/JSON for targeted AC0811..AC0814 review."""""""
AR0100;src/iCCModules/imageCompositeConverterAudit.py;135;57;"if normalized.startswith(""AC08"") or normalized in {""AR0100""}:"
AC0223;src/iCCModules/imageCompositeConverterBestlist.py;176;21;"if base != ""AC0223"":"
AC0223;src/iCCModules/imageCompositeConverterBestlist.py;184;11;# AC0223 ohne Ventilkopf ist semantisch falsch, selbst wenn der reine
AC0223;src/iCCModules/imageCompositeConverterBestlist.py;212;21;"""""""Remove stale AC0223 bestlist artifacts that miss valve-head semantics."""""""
AC0223_L;src/iCCModules/imageCompositeConverterBestlist.py;219;17;"targets = (""AC0223_L"", ""AC0223_M"", ""AC0223_S"")"
AC0223_M;src/iCCModules/imageCompositeConverterBestlist.py;219;29;"targets = (""AC0223_L"", ""AC0223_M"", ""AC0223_S"")"
AC0223_S;src/iCCModules/imageCompositeConverterBestlist.py;219;41;"targets = (""AC0223_L"", ""AC0223_M"", ""AC0223_S"")"
AC0000;src/iCCModules/imageCompositeConverterCli.py;28;62;"""--output-dir artifacts/converted_images --start AC0000 --end ZZ9999\n"""
AC0811;src/iCCModules/imageCompositeConverterCli.py;30;71;"""--mode annotate --output-dir artifacts/annotated --start AC0811 --end AC0814\n"""
AC0814;src/iCCModules/imageCompositeConverterCli.py;30;84;"""--mode annotate --output-dir artifacts/annotated --start AC0811 --end AC0814\n"""
AC0811;src/iCCModules/imageCompositeConverterCli.py;92;36;"help=""Optional: Ordner für AC0811 Element-Diff-Dumps pro Runde/Element"","
AC0223;src/iCCModules/imageCompositeConverterCli.py;168;43;"""Bereinigt einmalig veraltete AC0223-Bestlist/Snapshot-Artefakte """
AC0800;src/iCCModules/imageCompositeConverterCli.py;347;22;"return start == ""AC0800"" and end == ""AC0899"""
AC0899;src/iCCModules/imageCompositeConverterCli.py;347;42;"return start == ""AC0800"" and end == ""AC0899"""
AC0800;src/iCCModules/imageCompositeConverterCli.py;384;41;"""[INFO] Vollbereich AC0800..AC0899 aktiviert isoliertes SVG-Rendering automatisch """
AC0899;src/iCCModules/imageCompositeConverterCli.py;384;49;"""[INFO] Vollbereich AC0800..AC0899 aktiviert isoliertes SVG-Rendering automatisch """
AC0000;src/iCCModules/imageCompositeConverterCli.py;399;31;"args.start = ""AC0000"""
AC0223;src/iCCModules/imageCompositeConverterCli.py;437;34;"""[ERROR] AC0223-Bestlist-Reparatur ist angefordert, """
AC0223;src/iCCModules/imageCompositeConverterCli.py;446;29;"""[INFO] AC0223-Bestlist-Reparatur abgeschlossen: """
AC0204;src/iCCModules/imageCompositeConverterFormsSymmetricChords.py;3;31;This module models forms like AC0204: a stroked circle with two oblique lines
AC0223;src/iCCModules/imageCompositeConverterOptimizationCircleGeometry.py;24;11;# AC0223's top connector must remain anchored between the circle edge
AC0223;src/iCCModules/imageCompositeConverterOptimizationQuantization.py;29;15;# AC0223 requires a short vertical connector between the circle top
AR0100;src/iCCModules/imageCompositeConverterPerceptionReflection.py;88;79;"semantic_symbol = symbol_upper.startswith(""AC08"") or symbol_upper == ""AR0100"""
AC0811;src/iCCModules/imageCompositeConverterQuality.py;15;48;"if get_base_name_fn(base_name).upper() != ""AC0811"":"
AR0102;src/iCCModules/imageCompositeConverterRemaining.py;946;23;"start_ref: str = ""AR0102"","
AR0104;src/iCCModules/imageCompositeConverterRemaining.py;947;21;"end_ref: str = ""AR0104"","
AR0100;src/iCCModules/imageCompositeConverterSemantic.py;7;6;"""AR0100"","
AC0800;src/iCCModules/imageCompositeConverterSemantic.py;8;6;"""AC0800"","
AC0811;src/iCCModules/imageCompositeConverterSemantic.py;9;6;"""AC0811"","
AC0810;src/iCCModules/imageCompositeConverterSemantic.py;10;6;"""AC0810"","
AC0812;src/iCCModules/imageCompositeConverterSemantic.py;11;6;"""AC0812"","
AC0813;src/iCCModules/imageCompositeConverterSemantic.py;12;6;"""AC0813"","
AC0814;src/iCCModules/imageCompositeConverterSemantic.py;13;6;"""AC0814"","
AC0223;src/iCCModules/imageCompositeConverterSemantic.py;14;6;"""AC0223"","
AC0820;src/iCCModules/imageCompositeConverterSemantic.py;15;6;"""AC0820"","
AC0831;src/iCCModules/imageCompositeConverterSemantic.py;16;6;"""AC0831"","
AC0832;src/iCCModules/imageCompositeConverterSemantic.py;17;6;"""AC0832"","
AC0833;src/iCCModules/imageCompositeConverterSemantic.py;18;6;"""AC0833"","
AC0834;src/iCCModules/imageCompositeConverterSemantic.py;19;6;"""AC0834"","
AC0835;src/iCCModules/imageCompositeConverterSemantic.py;20;6;"""AC0835"","
AC0836;src/iCCModules/imageCompositeConverterSemantic.py;21;6;"""AC0836"","
AC0837;src/iCCModules/imageCompositeConverterSemantic.py;22;6;"""AC0837"","
AC0838;src/iCCModules/imageCompositeConverterSemantic.py;23;6;"""AC0838"","
AC0839;src/iCCModules/imageCompositeConverterSemantic.py;24;6;"""AC0839"","
AC0870;src/iCCModules/imageCompositeConverterSemantic.py;25;6;"""AC0870"","
AC0881;src/iCCModules/imageCompositeConverterSemantic.py;26;6;"""AC0881"","
AC0882;src/iCCModules/imageCompositeConverterSemantic.py;27;6;"""AC0882"","
AC0000;src/iCCModules/imageCompositeConverterSemantic.py;32;30;"""""""Extract explicit ""Wie AC0000"" style alias references from descriptions."""""""
AR0100;src/iCCModules/imageCompositeConverterSemantic.py;68;50;"""""""Fill semantic-badge params for known AC08/AR0100 family descriptions."""""""
AC0800;src/iCCModules/imageCompositeConverterSemantic.py;76;24;"if base_upper in {""AC0800"", ""AC0810"", ""AC0811"", ""AC0812"", ""AC0813"", ""AC0814"", ""AC0223""}:"
AC0810;src/iCCModules/imageCompositeConverterSemantic.py;76;34;"if base_upper in {""AC0800"", ""AC0810"", ""AC0811"", ""AC0812"", ""AC0813"", ""AC0814"", ""AC0223""}:"
AC0811;src/iCCModules/imageCompositeConverterSemantic.py;76;44;"if base_upper in {""AC0800"", ""AC0810"", ""AC0811"", ""AC0812"", ""AC0813"", ""AC0814"", ""AC0223""}:"
AC0812;src/iCCModules/imageCompositeConverterSemantic.py;76;54;"if base_upper in {""AC0800"", ""AC0810"", ""AC0811"", ""AC0812"", ""AC0813"", ""AC0814"", ""AC0223""}:"
AC0813;src/iCCModules/imageCompositeConverterSemantic.py;76;64;"if base_upper in {""AC0800"", ""AC0810"", ""AC0811"", ""AC0812"", ""AC0813"", ""AC0814"", ""AC0223""}:"
AC0814;src/iCCModules/imageCompositeConverterSemantic.py;76;74;"if base_upper in {""AC0800"", ""AC0810"", ""AC0811"", ""AC0812"", ""AC0813"", ""AC0814"", ""AC0223""}:"
AC0223;src/iCCModules/imageCompositeConverterSemantic.py;76;84;"if base_upper in {""AC0800"", ""AC0810"", ""AC0811"", ""AC0812"", ""AC0813"", ""AC0814"", ""AC0223""}:"
AC0820;src/iCCModules/imageCompositeConverterSemantic.py;79;26;"elif base_upper in {""AC0820""}:"
AC0820;src/iCCModules/imageCompositeConverterSemantic.py;80;11;# AC0820 is the plain CO₂ family. Keep CO₂ as a robust default even when
AR0100;src/iCCModules/imageCompositeConverterSemantic.py;95;51;"params[""label""] = ""M"" if symbol_upper == ""AR0100"" else ""T"""
AR0100;src/iCCModules/imageCompositeConverterSemantic.py;98;49;"params[""label""] = ""M"" if base_upper == ""AR0100"" else ""T"""
AC0810;src/iCCModules/imageCompositeConverterSemantic.py;100;24;"if base_upper in {""AC0810"", ""AC0814"", ""AC0834"", ""AC0839""}:"
AC0814;src/iCCModules/imageCompositeConverterSemantic.py;100;34;"if base_upper in {""AC0810"", ""AC0814"", ""AC0834"", ""AC0839""}:"
AC0834;src/iCCModules/imageCompositeConverterSemantic.py;100;44;"if base_upper in {""AC0810"", ""AC0814"", ""AC0834"", ""AC0839""}:"
AC0839;src/iCCModules/imageCompositeConverterSemantic.py;100;54;"if base_upper in {""AC0810"", ""AC0814"", ""AC0834"", ""AC0839""}:"
AC0811;src/iCCModules/imageCompositeConverterSemantic.py;102;24;"if base_upper in {""AC0811"", ""AC0881"", ""AC0831"", ""AC0836""}:"
AC0881;src/iCCModules/imageCompositeConverterSemantic.py;102;34;"if base_upper in {""AC0811"", ""AC0881"", ""AC0831"", ""AC0836""}:"
AC0831;src/iCCModules/imageCompositeConverterSemantic.py;102;44;"if base_upper in {""AC0811"", ""AC0881"", ""AC0831"", ""AC0836""}:"
AC0836;src/iCCModules/imageCompositeConverterSemantic.py;102;54;"if base_upper in {""AC0811"", ""AC0881"", ""AC0831"", ""AC0836""}:"
AC0813;src/iCCModules/imageCompositeConverterSemantic.py;104;24;"if base_upper in {""AC0813"", ""AC0833"", ""AC0838"", ""AC0223""}:"
AC0833;src/iCCModules/imageCompositeConverterSemantic.py;104;34;"if base_upper in {""AC0813"", ""AC0833"", ""AC0838"", ""AC0223""}:"
AC0838;src/iCCModules/imageCompositeConverterSemantic.py;104;44;"if base_upper in {""AC0813"", ""AC0833"", ""AC0838"", ""AC0223""}:"
AC0223;src/iCCModules/imageCompositeConverterSemantic.py;104;54;"if base_upper in {""AC0813"", ""AC0833"", ""AC0838"", ""AC0223""}:"
AC0223;src/iCCModules/imageCompositeConverterSemantic.py;106;23;"if base_upper == ""AC0223"":"
AC0812;src/iCCModules/imageCompositeConverterSemantic.py;110;24;"if base_upper in {""AC0812"", ""AC0832"", ""AC0837"", ""AC0882""}:"
AC0832;src/iCCModules/imageCompositeConverterSemantic.py;110;34;"if base_upper in {""AC0812"", ""AC0832"", ""AC0837"", ""AC0882""}:"
AC0837;src/iCCModules/imageCompositeConverterSemantic.py;110;44;"if base_upper in {""AC0812"", ""AC0832"", ""AC0837"", ""AC0882""}:"
AC0882;src/iCCModules/imageCompositeConverterSemantic.py;110;54;"if base_upper in {""AC0812"", ""AC0832"", ""AC0837"", ""AC0882""}:"
AC0050;src/iCCModules/imageCompositeConverterSemanticAc0050.py;3;27;The module is named after AC0050, but the implementation is intentionally
AC0050;src/iCCModules/imageCompositeConverterSemanticAc0050.py;29;41;"""""""Generalized detection config for AC0050-like geometries."""""""
AC0050;src/iCCModules/imageCompositeConverterSemanticAc0050.py;232;45;"# measured image; fallback to canonical AC0050 colors when unavailable."
AC0223;src/iCCModules/imageCompositeConverterSemanticAc0223.py;1;4;"""""""AC0223 semantic badge helper block (triple-triangle valve head + top stem)."""""""
AC0223;src/iCCModules/imageCompositeConverterSemanticAc0223.py;14;14;"""""""Build AC0223 defaults from AC0813 and add the valve-head style metadata."""""""
AC0813;src/iCCModules/imageCompositeConverterSemanticAc0223.py;14;35;"""""""Build AC0223 defaults from AC0813 and add the valve-head style metadata."""""""
AC0223;src/iCCModules/imageCompositeConverterSemanticAc0223.py;51;12;"""""""Fit AC0223 via AC0813 geometry while preserving valve-head styling."""""""
AC0813;src/iCCModules/imageCompositeConverterSemanticAc0223.py;51;23;"""""""Fit AC0223 via AC0813 geometry while preserving valve-head styling."""""""
AC0223;src/iCCModules/imageCompositeConverterSemanticAc0223.py;56;7;# AC0223 uses a symmetric valve-head template. Re-anchor to the template
AC0223;src/iCCModules/imageCompositeConverterSemanticAc0223.py;70;12;# Keep AC0223's connector anchored between valve hub and circle top edge.
AC0223;src/iCCModules/imageCompositeConverterSemanticAc0223Runtime.py;12;35;"if str(base_name).upper() != ""AC0223"":"
AC0811;src/iCCModules/imageCompositeConverterSemanticAc0811.py;1;4;"""""""AC0811 semantic badge helper block extracted from imageCompositeConverter."""""""
AC0811;src/iCCModules/imageCompositeConverterSemanticAc0811.py;54;8;"""""""AC0811 is vertically elongated: circle sits in the upper square area."""""""
AC0811;src/iCCModules/imageCompositeConverterSemanticAc0811.py;152;12;"""""""Fit AC0811 while keeping the vertical stem anchored to the lower edge."""""""
AC0812;src/iCCModules/imageCompositeConverterSemanticAc0812.py;1;4;"""""""AC0812 semantic badge helper block extracted from imageCompositeConverter."""""""
AC0812;src/iCCModules/imageCompositeConverterSemanticAc0812.py;17;8;"""""""AC0812 is horizontally elongated: left arm, circle on the right."""""""
AC0812;src/iCCModules/imageCompositeConverterSemanticAc0812.py;55;12;"""""""Fit AC0812 while keeping the horizontal arm anchored to the left edge."""""""
AC0813;src/iCCModules/imageCompositeConverterSemanticAc0813.py;1;4;"""""""AC0813/AC0814 semantic badge helper block extracted from imageCompositeConverter."""""""
AC0814;src/iCCModules/imageCompositeConverterSemanticAc0813.py;1;11;"""""""AC0813/AC0814 semantic badge helper block extracted from imageCompositeConverter."""""""
AC0813;src/iCCModules/imageCompositeConverterSemanticAc0813.py;18;8;"""""""AC0813 is AC0812 rotated 90° clockwise (vertical arm from top to circle)."""""""
AC0812;src/iCCModules/imageCompositeConverterSemanticAc0813.py;18;18;"""""""AC0813 is AC0812 rotated 90° clockwise (vertical arm from top to circle)."""""""
AC0813;src/iCCModules/imageCompositeConverterSemanticAc0813.py;57;12;"""""""Fit AC0813 while keeping the vertical arm anchored to the upper edge."""""""
AC0814;src/iCCModules/imageCompositeConverterSemanticAc0813.py;117;8;"""""""AC0814 is horizontally elongated: circle on the left, arm to the right."""""""
AC0814;src/iCCModules/imageCompositeConverterSemanticAc0813.py;158;12;"""""""Fit AC0814 while keeping the horizontal arm anchored to the right edge."""""""
AC0810;src/iCCModules/imageCompositeConverterSemanticAc0813.py;247;8;"""""""AC0810 uses the same right-arm geometry as AC0814 (circle on the left)."""""""
AC0814;src/iCCModules/imageCompositeConverterSemanticAc0813.py;247;51;"""""""AC0810 uses the same right-arm geometry as AC0814 (circle on the left)."""""""
AC0810;src/iCCModules/imageCompositeConverterSemanticAc0813.py;257;12;"""""""Fit AC0810 with the same right-anchored arm behavior as AC0814."""""""
AC0814;src/iCCModules/imageCompositeConverterSemanticAc0813.py;257;64;"""""""Fit AC0810 with the same right-anchored arm behavior as AC0814."""""""
AC0811;src/iCCModules/imageCompositeConverterSemanticAc08Families.py;55;15;"""""""Ensure AC0811/AC0813-like badges keep a centered visible vertical connector."""""""
AC0813;src/iCCModules/imageCompositeConverterSemanticAc08Families.py;55;22;"""""""Ensure AC0811/AC0813-like badges keep a centered visible vertical connector."""""""
AC0812;src/iCCModules/imageCompositeConverterSemanticAc08Families.py;114;29;"if symbol_name not in {""AC0812"", ""AC0832"", ""AC0837"", ""AC0882""}:"
AC0832;src/iCCModules/imageCompositeConverterSemanticAc08Families.py;114;39;"if symbol_name not in {""AC0812"", ""AC0832"", ""AC0837"", ""AC0882""}:"
AC0837;src/iCCModules/imageCompositeConverterSemanticAc08Families.py;114;49;"if symbol_name not in {""AC0812"", ""AC0832"", ""AC0837"", ""AC0882""}:"
AC0882;src/iCCModules/imageCompositeConverterSemanticAc08Families.py;114;59;"if symbol_name not in {""AC0812"", ""AC0832"", ""AC0837"", ""AC0882""}:"
AC0810;src/iCCModules/imageCompositeConverterSemanticAc08Families.py;193;29;"if symbol_name not in {""AC0810"", ""AC0814"", ""AC0834"", ""AC0839""}:"
AC0814;src/iCCModules/imageCompositeConverterSemanticAc08Families.py;193;39;"if symbol_name not in {""AC0810"", ""AC0814"", ""AC0834"", ""AC0839""}:"
AC0834;src/iCCModules/imageCompositeConverterSemanticAc08Families.py;193;49;"if symbol_name not in {""AC0810"", ""AC0814"", ""AC0834"", ""AC0839""}:"
AC0839;src/iCCModules/imageCompositeConverterSemanticAc08Families.py;193;59;"if symbol_name not in {""AC0810"", ""AC0814"", ""AC0834"", ""AC0839""}:"
AC0811;src/iCCModules/imageCompositeConverterSemanticAc08Families.py;271;29;"if symbol_name not in {""AC0811"", ""AC0813"", ""AC0831"", ""AC0833"", ""AC0836"", ""AC0838"", ""AC0881""}:"
AC0813;src/iCCModules/imageCompositeConverterSemanticAc08Families.py;271;39;"if symbol_name not in {""AC0811"", ""AC0813"", ""AC0831"", ""AC0833"", ""AC0836"", ""AC0838"", ""AC0881""}:"
AC0831;src/iCCModules/imageCompositeConverterSemanticAc08Families.py;271;49;"if symbol_name not in {""AC0811"", ""AC0813"", ""AC0831"", ""AC0833"", ""AC0836"", ""AC0838"", ""AC0881""}:"
AC0833;src/iCCModules/imageCompositeConverterSemanticAc08Families.py;271;59;"if symbol_name not in {""AC0811"", ""AC0813"", ""AC0831"", ""AC0833"", ""AC0836"", ""AC0838"", ""AC0881""}:"
AC0836;src/iCCModules/imageCompositeConverterSemanticAc08Families.py;271;69;"if symbol_name not in {""AC0811"", ""AC0813"", ""AC0831"", ""AC0833"", ""AC0836"", ""AC0838"", ""AC0881""}:"
AC0838;src/iCCModules/imageCompositeConverterSemanticAc08Families.py;271;79;"if symbol_name not in {""AC0811"", ""AC0813"", ""AC0831"", ""AC0833"", ""AC0836"", ""AC0838"", ""AC0881""}:"
AC0881;src/iCCModules/imageCompositeConverterSemanticAc08Families.py;271;89;"if symbol_name not in {""AC0811"", ""AC0813"", ""AC0831"", ""AC0833"", ""AC0836"", ""AC0838"", ""AC0881""}:"
AC0811;src/iCCModules/imageCompositeConverterSemanticAc08Families.py;276;25;"if symbol_name in {""AC0811"", ""AC0831"", ""AC0836"", ""AC0881""}:"
AC0831;src/iCCModules/imageCompositeConverterSemanticAc08Families.py;276;35;"if symbol_name in {""AC0811"", ""AC0831"", ""AC0836"", ""AC0881""}:"
AC0836;src/iCCModules/imageCompositeConverterSemanticAc08Families.py;276;45;"if symbol_name in {""AC0811"", ""AC0831"", ""AC0836"", ""AC0881""}:"
AC0881;src/iCCModules/imageCompositeConverterSemanticAc08Families.py;276;55;"if symbol_name in {""AC0811"", ""AC0831"", ""AC0836"", ""AC0881""}:"
AC0813;src/iCCModules/imageCompositeConverterSemanticAc08Families.py;279;27;"elif symbol_name in {""AC0813"", ""AC0833"", ""AC0838""}:"
AC0833;src/iCCModules/imageCompositeConverterSemanticAc08Families.py;279;37;"elif symbol_name in {""AC0813"", ""AC0833"", ""AC0838""}:"
AC0838;src/iCCModules/imageCompositeConverterSemanticAc08Families.py;279;47;"elif symbol_name in {""AC0813"", ""AC0833"", ""AC0838""}:"
AC0820;src/iCCModules/imageCompositeConverterSemanticAc08Families.py;343;29;"if symbol_name not in {""AC0820"", ""AC0835"", ""AC0870""}:"
AC0835;src/iCCModules/imageCompositeConverterSemanticAc08Families.py;343;39;"if symbol_name not in {""AC0820"", ""AC0835"", ""AC0870""}:"
AC0870;src/iCCModules/imageCompositeConverterSemanticAc08Families.py;343;49;"if symbol_name not in {""AC0820"", ""AC0835"", ""AC0870""}:"
AC0820;src/iCCModules/imageCompositeConverterSemanticAc08Families.py;384;76;"base_scale = float(p.get(""co2_font_scale"", 0.94 if symbol_name == ""AC0820"" else 0.88))"
AC0820;src/iCCModules/imageCompositeConverterSemanticAc08Families.py;387;109;"p[""co2_optical_bias""] = float(max(float(p.get(""co2_optical_bias"", 0.125)), 0.125 if symbol_name == ""AC0820"" else 0.10))"
AC0831;src/iCCModules/imageCompositeConverterSemanticAc08Finalization.py;34;24;"if symbol_name == ""AC0831"" and str(p.get(""text_mode"", """")).lower() == ""co2"":"
AC0833;src/iCCModules/imageCompositeConverterSemanticAc08Finalization.py;40;24;"if symbol_name == ""AC0833"" and str(p.get(""text_mode"", """")).lower() == ""co2"":"
AC0820;src/iCCModules/imageCompositeConverterSemanticAc08Finalization.py;42;24;"if symbol_name == ""AC0820"" and str(p.get(""text_mode"", """")).lower() == ""co2"":"
AC0820;src/iCCModules/imageCompositeConverterSemanticAc08Finalization.py;115;49;"min_ratio = 0.92 if symbol_name == ""AC0820"" else 0.90"
AC0813;src/iCCModules/imageCompositeConverterSemanticAc08Finalization.py;129;60;# Vertical top/bottom connector families (e.g. AC0813/AC0833/AC0838)
AC0833;src/iCCModules/imageCompositeConverterSemanticAc08Finalization.py;129;67;# Vertical top/bottom connector families (e.g. AC0813/AC0833/AC0838)
AC0838;src/iCCModules/imageCompositeConverterSemanticAc08Finalization.py;129;74;# Vertical top/bottom connector families (e.g. AC0813/AC0833/AC0838)
AC0838;src/iCCModules/imageCompositeConverterSemanticAc08Finalization.py;176;28;"if symbol_name == ""AC0838"" and str(p.get(""text_mode"", """")).lower() == ""voc"":"
AC0838_M;src/iCCModules/imageCompositeConverterSemanticAc08Finalization.py;177;15;# AC0838_M often underfits the ring to satisfy noisy masks around the
AC0820;src/iCCModules/imageCompositeConverterSemanticAc08Finalization.py;222;53;"p[""lock_text_scale""] = not (symbol_name == ""AC0820"" or tiny_co2_variant)"
AC0835;src/iCCModules/imageCompositeConverterSemanticAc08Finalization.py;231;28;"if symbol_name == ""AC0835"":"
AC0800;src/iCCModules/imageCompositeConverterSemanticAc08Finalization.py;242;52;"preserve_plain_ring_geometry = symbol_name == ""AC0800"""
AC0870;src/iCCModules/imageCompositeConverterSemanticAc08Params.py;40;17;"if name == ""AC0870"":"
AC0800;src/iCCModules/imageCompositeConverterSemanticAc08Params.py;46;17;"if name == ""AC0800"":"
AC0811;src/iCCModules/imageCompositeConverterSemanticAc08Params.py;61;17;"if name == ""AC0811"":"
AC0810;src/iCCModules/imageCompositeConverterSemanticAc08Params.py;67;17;"if name == ""AC0810"":"
AC0812;src/iCCModules/imageCompositeConverterSemanticAc08Params.py;73;17;"if name == ""AC0812"":"
AC0813;src/iCCModules/imageCompositeConverterSemanticAc08Params.py;83;17;"if name == ""AC0813"":"
AC0814;src/iCCModules/imageCompositeConverterSemanticAc08Params.py;89;17;"if name == ""AC0814"":"
AC0881;src/iCCModules/imageCompositeConverterSemanticAc08Params.py;95;17;"if name == ""AC0881"":"
AC0882;src/iCCModules/imageCompositeConverterSemanticAc08Params.py;101;17;"if name == ""AC0882"":"
AC0820;src/iCCModules/imageCompositeConverterSemanticAc08Params.py;111;17;"if name == ""AC0820"":"
AC0831;src/iCCModules/imageCompositeConverterSemanticAc08Params.py;117;17;"if name == ""AC0831"":"
AC0832;src/iCCModules/imageCompositeConverterSemanticAc08Params.py;126;17;"if name == ""AC0832"":"
AC0833;src/iCCModules/imageCompositeConverterSemanticAc08Params.py;143;17;"if name == ""AC0833"":"
AC0834;src/iCCModules/imageCompositeConverterSemanticAc08Params.py;149;17;"if name == ""AC0834"":"
AC0835;src/iCCModules/imageCompositeConverterSemanticAc08Params.py;162;17;"if name == ""AC0835"":"
AC0835;src/iCCModules/imageCompositeConverterSemanticAc08Params.py;163;11;# AC0835 belongs to the right-arm VOC connector family.
AC0836;src/iCCModules/imageCompositeConverterSemanticAc08Params.py;176;17;"if name == ""AC0836"":"
AC0837;src/iCCModules/imageCompositeConverterSemanticAc08Params.py;182;17;"if name == ""AC0837"":"
AC0838;src/iCCModules/imageCompositeConverterSemanticAc08Params.py;192;17;"if name == ""AC0838"":"
AC0838;src/iCCModules/imageCompositeConverterSemanticAc08Params.py;193;11;"# AC0838 mirrors AC0836 into the ""vertical connector above circle"""
AC0836;src/iCCModules/imageCompositeConverterSemanticAc08Params.py;193;26;"# AC0838 mirrors AC0836 into the ""vertical connector above circle"""
AC0813;src/iCCModules/imageCompositeConverterSemanticAc08Params.py;194;42;# geometry class (same family as AC0813/AC0833) while keeping VOC text.
AC0833;src/iCCModules/imageCompositeConverterSemanticAc08Params.py;194;49;# geometry class (same family as AC0813/AC0833) while keeping VOC text.
AC0839;src/iCCModules/imageCompositeConverterSemanticAc08Params.py;200;17;"if name == ""AC0839"":"
AC0838;src/iCCModules/imageCompositeConverterSemanticAdaptiveLocks.py;15;31;"_ADAPTIVE_UNLOCK_FAMILIES = {""AC0838"", ""AC0870"", ""AC0882""}"
AC0870;src/iCCModules/imageCompositeConverterSemanticAdaptiveLocks.py;15;41;"_ADAPTIVE_UNLOCK_FAMILIES = {""AC0838"", ""AC0870"", ""AC0882""}"
AC0882;src/iCCModules/imageCompositeConverterSemanticAdaptiveLocks.py;15;51;"_ADAPTIVE_UNLOCK_FAMILIES = {""AC0838"", ""AC0870"", ""AC0882""}"
AC0838;src/iCCModules/imageCompositeConverterSemanticAdaptiveLocks.py;17;6;"""AC0838"": 18.0,"
AC0870;src/iCCModules/imageCompositeConverterSemanticAdaptiveLocks.py;18;6;"""AC0870"": 16.0,"
AC0882;src/iCCModules/imageCompositeConverterSemanticAdaptiveLocks.py;19;6;"""AC0882"": 16.0,"
AR0100;src/iCCModules/imageCompositeConverterSemanticAr0100.py;1;4;"""""""AR0100 semantic badge-parameter helpers extracted from the converter monolith."""""""
AR0100;src/iCCModules/imageCompositeConverterSemanticAr0100.py;13;14;"""""""Build AR0100 default badge params with scale-adapted geometry and centered glyph bbox."""""""
AC0811;src/iCCModules/imageCompositeConverterSemanticAuditRuntime.py;10;43;"targets = semantic_audit_targets or {""AC0811"", ""AC0812"", ""AC0813"", ""AC0814""}"
AC0812;src/iCCModules/imageCompositeConverterSemanticAuditRuntime.py;10;53;"targets = semantic_audit_targets or {""AC0811"", ""AC0812"", ""AC0813"", ""AC0814""}"
AC0813;src/iCCModules/imageCompositeConverterSemanticAuditRuntime.py;10;63;"targets = semantic_audit_targets or {""AC0811"", ""AC0812"", ""AC0813"", ""AC0814""}"
AC0814;src/iCCModules/imageCompositeConverterSemanticAuditRuntime.py;10;73;"targets = semantic_audit_targets or {""AC0811"", ""AC0812"", ""AC0813"", ""AC0814""}"
AC0223;src/iCCModules/imageCompositeConverterSemanticBadgeSvg.py;28;32;"if variant_ref.startswith(""AC0223""):"
AC0223;src/iCCModules/imageCompositeConverterSemanticBadgeSvg.py;29;11;# AC0223 must always retain its valve-head geometry. Some late-stage
AC0811;src/iCCModules/imageCompositeConverterSemanticChecks.py;91;47;"if small_variant and symbol_hint in {""AC0811"", ""AC0814"", ""AC0870""}:"
AC0814;src/iCCModules/imageCompositeConverterSemanticChecks.py;91;57;"if small_variant and symbol_hint in {""AC0811"", ""AC0814"", ""AC0870""}:"
AC0870;src/iCCModules/imageCompositeConverterSemanticChecks.py;91;67;"if small_variant and symbol_hint in {""AC0811"", ""AC0814"", ""AC0870""}:"
AC0812;src/iCCModules/imageCompositeConverterSemanticConnectors.py;13;15;"""""""Ensure AC0812-like badges always keep a visible left connector arm."""""""
AC0810;src/iCCModules/imageCompositeConverterSemanticConnectors.py;47;15;"""""""Ensure AC0810/AC0814-like badges always keep a visible right connector arm."""""""
AC0814;src/iCCModules/imageCompositeConverterSemanticConnectors.py;47;22;"""""""Ensure AC0810/AC0814-like badges always keep a visible right connector arm."""""""
AC0813;src/iCCModules/imageCompositeConverterSemanticConnectors.py;102;15;"""""""Ensure AC0813-like badges keep a visible vertical top connector."""""""
AC0812;src/iCCModules/imageCompositeConverterSemanticConnectors.py;147;29;"if normalized_base in {""AC0812"", ""AC0837"", ""AC0882""} or expects_left_arm:"
AC0837;src/iCCModules/imageCompositeConverterSemanticConnectors.py;147;39;"if normalized_base in {""AC0812"", ""AC0837"", ""AC0882""} or expects_left_arm:"
AC0882;src/iCCModules/imageCompositeConverterSemanticConnectors.py;147;49;"if normalized_base in {""AC0812"", ""AC0837"", ""AC0882""} or expects_left_arm:"
AC0810;src/iCCModules/imageCompositeConverterSemanticConnectors.py;149;29;"if normalized_base in {""AC0810"", ""AC0814"", ""AC0834"", ""AC0839""} or expects_right_arm:"
AC0814;src/iCCModules/imageCompositeConverterSemanticConnectors.py;149;39;"if normalized_base in {""AC0810"", ""AC0814"", ""AC0834"", ""AC0839""} or expects_right_arm:"
AC0834;src/iCCModules/imageCompositeConverterSemanticConnectors.py;149;49;"if normalized_base in {""AC0810"", ""AC0814"", ""AC0834"", ""AC0839""} or expects_right_arm:"
AC0839;src/iCCModules/imageCompositeConverterSemanticConnectors.py;149;59;"if normalized_base in {""AC0810"", ""AC0814"", ""AC0834"", ""AC0839""} or expects_right_arm:"
AC0813;src/iCCModules/imageCompositeConverterSemanticConnectors.py;151;29;"if normalized_base in {""AC0813"", ""AC0833"", ""AC0838"", ""AC0223""} or expects_top_stem:"
AC0833;src/iCCModules/imageCompositeConverterSemanticConnectors.py;151;39;"if normalized_base in {""AC0813"", ""AC0833"", ""AC0838"", ""AC0223""} or expects_top_stem:"
AC0838;src/iCCModules/imageCompositeConverterSemanticConnectors.py;151;49;"if normalized_base in {""AC0813"", ""AC0833"", ""AC0838"", ""AC0223""} or expects_top_stem:"
AC0223;src/iCCModules/imageCompositeConverterSemanticConnectors.py;151;59;"if normalized_base in {""AC0813"", ""AC0833"", ""AC0838"", ""AC0223""} or expects_top_stem:"
AR0100;src/iCCModules/imageCompositeConverterSemanticDefaults.py;49;66;# AC081x reference bitmaps use a slightly larger circle than AR0100/AC0870.
AC0870;src/iCCModules/imageCompositeConverterSemanticDefaults.py;49;73;# AC081x reference bitmaps use a slightly larger circle than AR0100/AC0870.
AC0800;src/iCCModules/imageCompositeConverterSemanticHarmonization.py;10;17;"if base == ""AC0800"":"
AC0811;src/iCCModules/imageCompositeConverterSemanticHarmonization.py;13;18;"if base in {""AC0811"", ""AC0812"", ""AC0813"", ""AC0814"", ""AC0831"", ""AC0832"", ""AC0833"", ""AC0834""}:"
AC0812;src/iCCModules/imageCompositeConverterSemanticHarmonization.py;13;28;"if base in {""AC0811"", ""AC0812"", ""AC0813"", ""AC0814"", ""AC0831"", ""AC0832"", ""AC0833"", ""AC0834""}:"
AC0813;src/iCCModules/imageCompositeConverterSemanticHarmonization.py;13;38;"if base in {""AC0811"", ""AC0812"", ""AC0813"", ""AC0814"", ""AC0831"", ""AC0832"", ""AC0833"", ""AC0834""}:"
AC0814;src/iCCModules/imageCompositeConverterSemanticHarmonization.py;13;48;"if base in {""AC0811"", ""AC0812"", ""AC0813"", ""AC0814"", ""AC0831"", ""AC0832"", ""AC0833"", ""AC0834""}:"
AC0831;src/iCCModules/imageCompositeConverterSemanticHarmonization.py;13;58;"if base in {""AC0811"", ""AC0812"", ""AC0813"", ""AC0814"", ""AC0831"", ""AC0832"", ""AC0833"", ""AC0834""}:"
AC0832;src/iCCModules/imageCompositeConverterSemanticHarmonization.py;13;68;"if base in {""AC0811"", ""AC0812"", ""AC0813"", ""AC0814"", ""AC0831"", ""AC0832"", ""AC0833"", ""AC0834""}:"
AC0833;src/iCCModules/imageCompositeConverterSemanticHarmonization.py;13;78;"if base in {""AC0811"", ""AC0812"", ""AC0813"", ""AC0814"", ""AC0831"", ""AC0832"", ""AC0833"", ""AC0834""}:"
AC0834;src/iCCModules/imageCompositeConverterSemanticHarmonization.py;13;88;"if base in {""AC0811"", ""AC0812"", ""AC0813"", ""AC0814"", ""AC0831"", ""AC0832"", ""AC0833"", ""AC0834""}:"
AC0831;src/iCCModules/imageCompositeConverterSemanticHarmonization.py;20;18;"if base in {""AC0831"", ""AC0832"", ""AC0833"", ""AC0834""}:"
AC0832;src/iCCModules/imageCompositeConverterSemanticHarmonization.py;20;28;"if base in {""AC0831"", ""AC0832"", ""AC0833"", ""AC0834""}:"
AC0833;src/iCCModules/imageCompositeConverterSemanticHarmonization.py;20;38;"if base in {""AC0831"", ""AC0832"", ""AC0833"", ""AC0834""}:"
AC0834;src/iCCModules/imageCompositeConverterSemanticHarmonization.py;20;48;"if base in {""AC0831"", ""AC0832"", ""AC0833"", ""AC0834""}:"
AC0811;src/iCCModules/imageCompositeConverterSemanticHarmonization.py;22;18;"if base in {""AC0811"", ""AC0812"", ""AC0813"", ""AC0814""}:"
AC0812;src/iCCModules/imageCompositeConverterSemanticHarmonization.py;22;28;"if base in {""AC0811"", ""AC0812"", ""AC0813"", ""AC0814""}:"
AC0813;src/iCCModules/imageCompositeConverterSemanticHarmonization.py;22;38;"if base in {""AC0811"", ""AC0812"", ""AC0813"", ""AC0814""}:"
AC0814;src/iCCModules/imageCompositeConverterSemanticHarmonization.py;22;48;"if base in {""AC0811"", ""AC0812"", ""AC0813"", ""AC0814""}:"
AC0223;src/iCCModules/imageCompositeConverterSemanticHarmonization.py;302;34;"if str(base).upper() == ""AC0223"":"
AC0223;src/iCCModules/imageCompositeConverterSemanticHarmonization.py;303;15;# AC0223 has a dedicated valve-head overlay that is not represented
AC0820;src/iCCModules/imageCompositeConverterSemanticLabels.py;56;24;"if symbol_hint == ""AC0820"":"
AC0832;src/iCCModules/imageCompositeConverterSemanticLabels.py;247;8;"""""""AC0832 has a compact circle; keep CO₂ comfortably inside the ring."""""""
AC0831;src/iCCModules/imageCompositeConverterSemanticLabels.py;267;18;"""""""Stabilize AC0831 text placement for vertically elongated CO² badges."""""""
AC0835;src/iCCModules/imageCompositeConverterSemanticLabels.py;303;18;"""""""Keep tiny AC0835 badges from rendering the VOC label too high."""""""
AC0833;src/iCCModules/imageCompositeConverterSemanticLabels.py;315;13;"""""""Tune AC0833 CO² badges so the trailing index stays superscript."""""""
AC0834;src/iCCModules/imageCompositeConverterSemanticLabels.py;332;23;"""""""Stabilize tiny AC0834 badges where fitting drifts the circle downward."""""""
AC0834;src/iCCModules/imageCompositeConverterSemanticLabels.py;361;14;"""""""Build AC0834 semantic defaults via the AC0814 base + CO₂ tuning."""""""
AC0814;src/iCCModules/imageCompositeConverterSemanticLabels.py;361;47;"""""""Build AC0834 semantic defaults via the AC0814 base + CO₂ tuning."""""""
AR0100;src/iCCModules/imageCompositeConverterSemanticParams.py;20;26;The dispatcher keeps AR0100 handling and AC08 handling centralized so the
AC0811;src/iCCModules/imageCompositeConverterSemanticValidationContext.py;17;56;"if debug_ac0811_dir and str(base_name).upper() == ""AC0811"":"
AC0812;src/iCCModules/imageCompositeConverterSemanticValidationFinalization.py;12;88;"""semantic-guard: Erwartete Arm-Geometrie bestätigt/wiederhergestellt (z.B. AC0812 links)."""
AC0223;src/iCCModules/imageCompositeConverterTemplateTransfer.py;248;24;"if target_base == ""AC0223"":"
AC0223;src/iCCModules/imageCompositeConverterTemplateTransfer.py;249;11;# AC0223 includes a dedicated valve-head overlay that is not encoded in
AC0223;src/iCCModules/imageCompositeConverterTemplateTransfer.py;260;11;# AC0223 valve heads) when historical bestlist rows exist.
AC0812;src/iCCModules/imageCompositeConverterTransfer.py;22;45;# Directional semantic badges (e.g. AC0812 left arm) encode orientation in
AC0810;src/iCCModules/imageCompositeConverterTransfer.py;96;44;# Directional connector families (e.g. AC0810 right arm vs AC0812 left arm)
AC0812;src/iCCModules/imageCompositeConverterTransfer.py;96;64;# Directional connector families (e.g. AC0810 right arm vs AC0812 left arm)
AC0800_L;src/imageCompositeConverter.py;139;35;"AC08_PREVIOUSLY_GOOD_VARIANTS = (""AC0800_L"", ""AC0800_M"", ""AC0800_S"", ""AC0811_L"")"
AC0800_M;src/imageCompositeConverter.py;139;47;"AC08_PREVIOUSLY_GOOD_VARIANTS = (""AC0800_L"", ""AC0800_M"", ""AC0800_S"", ""AC0811_L"")"
AC0800_S;src/imageCompositeConverter.py;139;59;"AC08_PREVIOUSLY_GOOD_VARIANTS = (""AC0800_L"", ""AC0800_M"", ""AC0800_S"", ""AC0811_L"")"
AC0811_L;src/imageCompositeConverter.py;139;71;"AC08_PREVIOUSLY_GOOD_VARIANTS = (""AC0800_L"", ""AC0800_M"", ""AC0800_S"", ""AC0811_L"")"
AC0882;src/imageCompositeConverter.py;179;6;"""AC0882"": {"
AC0837;src/imageCompositeConverter.py;184;6;"""AC0837"": {"
AC0839;src/imageCompositeConverter.py;189;6;"""AC0839"": {"
AC0820;src/imageCompositeConverter.py;195;6;"""AC0820"": {"
AC0831;src/imageCompositeConverter.py;200;6;"""AC0831"": {"
AR0100;src/imageCompositeConverter.py;462;7;# AR0100 tuned defaults for 25x25.
AR0100_BASE;src/imageCompositeConverter.py;463;5;AR0100_BASE = {
AC0870_BASE;src/imageCompositeConverter.py;476;5;AC0870_BASE = {
AC0811;src/imageCompositeConverter.py;768;45;For vertical connector badges (e.g. AC0811/AC0831/AC0836), force the
AC0831;src/imageCompositeConverter.py;768;52;For vertical connector badges (e.g. AC0811/AC0831/AC0836), force the
AC0836;src/imageCompositeConverter.py;768;59;For vertical connector badges (e.g. AC0811/AC0831/AC0836), force the
AC0870_BASE;src/imageCompositeConverter.py;782;32;ac0870_base=Action.AC0870_BASE,
AC0834;src/imageCompositeConverter.py;928;37;"""""""Compatibility helper for AC0834 semantic tests and callers."""""""
AC0812;src/imageCompositeConverter.py;968;19;"""""""Ensure AC0812-like badges always keep a visible left connector arm."""""""
AC0810;src/imageCompositeConverter.py;976;19;"""""""Ensure AC0810/AC0814-like badges always keep a visible right connector arm."""""""
AC0814;src/imageCompositeConverter.py;976;26;"""""""Ensure AC0810/AC0814-like badges always keep a visible right connector arm."""""""
AR0100_BASE;src/imageCompositeConverter.py;1206;40;ar0100_base=Action.AR0100_BASE,
AR0100;src/imageCompositeConverter.py;1209;29;"if name == ""AR0100"""
AC0223;src/imageCompositeConverter.py;1230;29;"if name == ""AC0223"""
AR0102;src/imageCompositeConverter.py;2482;23;"start_ref: str = ""AR0102"","
AR0104;src/imageCompositeConverter.py;2483;21;"end_ref: str = ""AR0104"","
AC0800_L;src/successfulConversions.py;15;6;"""AC0800_L"","
AC0800_M;src/successfulConversions.py;16;6;"""AC0800_M"","
AC0800_S;src/successfulConversions.py;17;6;"""AC0800_S"","
AC0811_L;src/successfulConversions.py;18;6;"""AC0811_L"","
AC0811_M;src/successfulConversions.py;19;6;"""AC0811_M"","
AC0811_S;src/successfulConversions.py;20;6;"""AC0811_S"","
AC0800_L;src/successfulConversions.py;25;6;"""AC0800_L"": ""Previously marked good plain-ring large variant that must stay semantic_ok after every AC08 adjustment."","
AC0800_M;src/successfulConversions.py;26;6;"""AC0800_M"": ""Previously marked good plain-ring medium variant that must stay semantic_ok after every AC08 adjustment."","
AC0800_S;src/successfulConversions.py;27;6;"""AC0800_S"": ""Previously marked good plain-ring small variant that must stay semantic_ok after every AC08 adjustment."","
AC0811_L;src/successfulConversions.py;28;6;"""AC0811_L"": ""Known regression-safe good conversion anchor for circle-with-stem semantics; must remain semantic_ok."","
AC0811_M;src/successfulConversions.py;29;6;"""AC0811_M"": ""Known regression-safe good conversion anchor for circle-with-stem semantics; must remain semantic_ok."","
AC0811_S;src/successfulConversions.py;30;6;"""AC0811_S"": ""Known regression-safe good conversion anchor for circle-with-stem semantics; must remain semantic_ok."","
AC0882_S;src/successfulConversions.py;35;18;"{""variant"": ""AC0882_S"", ""focus"": ""stagnation"", ""reason"": ""Small left-connector outlier that previously burned many near-identical validation rounds.""},"
AC0837_L;src/successfulConversions.py;36;18;"{""variant"": ""AC0837_L"", ""focus"": ""stagnation"", ""reason"": ""Large left-connector case used to verify adaptive search still moves on stubborn families.""},"
AC0839_S;src/successfulConversions.py;37;18;"{""variant"": ""AC0839_S"", ""focus"": ""small_variant"", ""reason"": ""Small right-connector badge that tends to drift in geometry and text placement.""},"
AC0820_L;src/successfulConversions.py;38;18;"{""variant"": ""AC0820_L"", ""focus"": ""circle_text"", ""reason"": ""Plain circle/text badge used as a connector-free baseline for quality passes.""},"
AC0831_L;src/successfulConversions.py;39;18;"{""variant"": ""AC0831_L"", ""focus"": ""semantic_vertical"", ""reason"": ""Vertical connector family representative for stem alignment and text balance.""},"
AC0834_S;src/successfulConversions.py;40;18;"{""variant"": ""AC0834_S"", ""focus"": ""small_variant"", ""reason"": ""Small mirrored connector badge included to catch asymmetric regressions on _S variants.""},"
AC0835_S;src/successfulConversions.py;41;18;"{""variant"": ""AC0835_S"", ""focus"": ""small_variant"", ""reason"": ""Small circle/text family member that stresses compact text scaling without connectors.""},"
AC0812_M;src/successfulConversions.py;42;18;"{""variant"": ""AC0812_M"", ""focus"": ""semantic_horizontal"", ""reason"": ""Medium left-connector case that complements AC0811_L and covers family-specific semantic overrides.""},"
AC0811_L;src/successfulConversions.py;42;116;"{""variant"": ""AC0812_M"", ""focus"": ""semantic_horizontal"", ""reason"": ""Medium left-connector case that complements AC0811_L and covers family-specific semantic overrides.""},"
AC0882;src/successfulConversions.py;141;6;"""AC0882"": {"
AC0837;src/successfulConversions.py;147;6;"""AC0837"": {"
AC0839;src/successfulConversions.py;153;6;"""AC0839"": {"
AC0820;src/successfulConversions.py;159;6;"""AC0820"": {"
AC0831;src/successfulConversions.py;165;6;"""AC0831"": {"
AC0834;src/successfulConversions.py;171;6;"""AC0834"": {"
AC0835;src/successfulConversions.py;177;6;"""AC0835"": {"
AC0811;src/successfulConversions.py;183;6;"""AC0811"": {"
AC0812;src/successfulConversions.py;189;6;"""AC0812"": {"
